year,rank,value,count,frequency
1976,1,1000.0,6592,0.04442437679850661
1976,2,800.0,6061,0.04084589620384535
1976,3,2000.0,5934,0.03999002608045179
1976,4,600.0,5793,0.039039808069440046
1976,5,1200.0,5386,0.036296980193682736
1976,6,1500.0,5322,0.03586567556457102
1976,7,500.0,4884,0.03291393450908772
1976,8,768.0,4410,0.029719584599729086
1976,9,400.0,4368,0.029436540936874523
1976,10,300.0,4156,0.028007844352941968
1976,11,3000.0,4116,0.027738278959747148
1976,12,200.0,3156,0.021268709523071427
1976,13,700.0,2893,0.019496317062815474
1976,14,384.0,2658,0.0179126203777959
1976,15,2500.0,2611,0.01759588104079198
1976,16,900.0,2537,0.017097185063381565
1976,17,1800.0,2200,0.01482609662571519
1976,18,4000.0,2192,0.014772183547076226
1976,19,5000.0,2176,0.014664357389798297
1976,20,1300.0,1829,0.01232587760383322
1976,21,1600.0,1761,0.011867616435402023
1976,22,1400.0,1390,0.009367397413520053
1976,23,6000.0,1372,0.009246092986582383
1976,24,3500.0,1295,0.008727179604682351
1976,25,1100.0,1253,0.008444135941827788
1976,26,150.0,1241,0.008363266323869342
1976,27,250.0,1238,0.00834304891937973
1976,28,100.0,1221,0.00822848362727193
1976,29,450.0,1188,0.008006092177886203
1976,30,350.0,1077,0.007258048211770573
1976,31,10000.0,1056,0.007116526380343291
1976,32,750.0,1040,0.007008700223065363
1976,33,602.0,1007,0.006786308773679635
1976,34,8000.0,964,0.006496525975995202
1976,35,712.0,927,0.0062471779872899915
1976,36,2200.0,863,0.005815873358178277
1976,37,1700.0,846,0.005701308066070478
1976,38,2800.0,741,0.004993698908934071
1976,39,7000.0,706,0.004757829189888602
1976,40,650.0,680,0.004582611684311968
1976,41,2400.0,665,0.00448152466186391
1976,42,480.0,660,0.004447828987714557
1976,43,850.0,626,0.004218698403498959
1976,44,4500.0,598,0.004030002628262584
1976,45,2600.0,595,0.0040097852237729725
1976,46,544.0,594,0.004003046088943102
1976,47,2300.0,590,0.0039760895496236195
1976,48,380.0,559,0.0037671763698976326
1976,49,15000.0,535,0.0036054371339807397
1976,50,2100.0,532,0.003585219729491128
1977,1,2000.0,8160,0.042288776372182695
1977,2,1200.0,7801,0.04042827750973005
1977,3,1500.0,7217,0.03740172782819148
1977,4,1000.0,7217,0.03740172782819148
1977,5,3000.0,6466,0.03350970931648692
1977,6,800.0,6452,0.03343715504329935
1977,7,600.0,5981,0.03099622199534616
1977,8,500.0,5537,0.02869521504568328
1977,9,400.0,4645,0.024072471354018212
1977,10,300.0,4220,0.021869930917967028
1977,11,2500.0,4053,0.021004462087801035
1977,12,4000.0,3833,0.019864323509139248
1977,13,554.0,3824,0.01981768147637581
1977,14,1106.0,3533,0.018309589083691354
1977,15,5000.0,3361,0.01741820801310123
1977,16,1800.0,3279,0.01699324727014547
1977,17,200.0,3062,0.01586865603573816
1977,18,900.0,2897,0.015013552101741821
1977,19,700.0,2712,0.014054799206048954
1977,20,1600.0,2690,0.013940785348182775
1977,21,1300.0,2584,0.013391445851191185
1977,22,6000.0,2303,0.011935177939354993
1977,23,1100.0,2258,0.011701967775537808
1977,24,3500.0,2252,0.011670873087028851
1977,25,1400.0,2059,0.010670660606657372
1977,26,10000.0,1729,0.008960452738664691
1977,27,8000.0,1536,0.007960240258293212
1977,28,2200.0,1512,0.007835861504257382
1977,29,1700.0,1356,0.007027399603024477
1977,30,250.0,1340,0.006944480433667256
1977,31,7000.0,1289,0.006680175581341114
1977,32,2800.0,1281,0.006638715996662503
1977,33,2400.0,1221,0.006327769111572925
1977,34,4500.0,1128,0.005845801439684078
1977,35,100.0,1105,0.005726605133733072
1977,36,150.0,1089,0.005643685964375852
1977,37,15000.0,974,0.005047704434620826
1977,38,2300.0,972,0.0050373395384511735
1977,39,450.0,971,0.005032157090366347
1977,40,350.0,959,0.004969967713348431
1977,41,1027.0,866,0.004488000041459585
1977,42,3200.0,864,0.004477635145289932
1977,43,550.0,839,0.0043480739431692745
1977,44,2600.0,827,0.004285884566151359
1977,45,1900.0,791,0.004099316435097611
1977,46,12000.0,767,0.00397493768106178
1977,47,868.0,758,0.003928295648298343
1977,48,750.0,753,0.0039023834078742116
1977,49,2100.0,752,0.0038972009597893855
1977,50,20000.0,709,0.003674355692141854
1978,1,2000.0,9764,0.04526762326433158
1978,2,3000.0,7872,0.036495978117248896
1978,3,1500.0,7477,0.0346646885648717
1978,4,1000.0,6886,0.03192470850042885
1978,5,1200.0,6613,0.030659032430051695
1978,6,4000.0,5450,0.025267159646723384
1978,7,800.0,5304,0.024590277938756115
1978,8,5000.0,5124,0.023755766244001948
1978,9,780.0,4978,0.02307888453603468
1978,10,2500.0,4897,0.022703354273395305
1978,11,1560.0,4782,0.02217019402396903
1978,12,600.0,4576,0.021215141751083706
1978,13,500.0,4384,0.020324995943345928
1978,14,1800.0,4023,0.018651336377755626
1978,15,6000.0,3657,0.01695449593175549
1978,16,1600.0,3419,0.015851086024247202
1978,17,400.0,3383,0.01568418368529637
1978,18,300.0,3122,0.014474141727902826
1978,19,3500.0,3064,0.014205243515148706
1978,20,10000.0,2726,0.01263821599944366
1978,21,8000.0,2650,0.012285866617214121
1978,22,1400.0,2398,0.011117550244558289
1978,23,700.0,2331,0.01080692644706646
1978,24,200.0,2137,0.009907508287164746
1978,25,2800.0,2039,0.009453163031131922
1978,26,7000.0,2018,0.009355803333410602
1978,27,2400.0,1958,0.009077632768492548
1978,28,1300.0,1928,0.008938547486033519
1978,29,4500.0,1922,0.008910730429541713
1978,30,900.0,1901,0.008813370731820395
1978,31,2200.0,1681,0.007793411993787524
1978,32,15000.0,1637,0.00758942024618095
1978,33,1700.0,1530,0.007093349405410418
1978,34,3200.0,1357,0.006291290943230024
1978,35,12000.0,1329,0.0061614780129349315
1978,36,20000.0,1222,0.005665407172164399
1978,37,2300.0,1193,0.005530958065787339
1978,38,1226.0,1156,0.005359419550754537
1978,39,1100.0,1095,0.005076612809754515
1978,40,2600.0,1090,0.0050534319293446765
1978,41,9000.0,1039,0.004816986949164329
1978,42,1111.0,935,0.0043348246366396994
1978,43,3600.0,934,0.004330188460557732
1978,44,2100.0,925,0.004288462875820024
1978,45,3800.0,893,0.00414010524119706
1978,46,5500.0,885,0.0041030158325413195
1978,47,1900.0,871,0.004038109367393773
1978,48,250.0,807,0.003741394098147848
1978,49,100.0,787,0.0036486705765084956
1978,50,750.0,783,0.0036301258721806256
1979,1,3000.0,7464,0.0435546270955996
1979,2,2000.0,6740,0.0393298749496706
1979,3,4000.0,5697,0.03324366433060436
1979,4,5000.0,4966,0.02897806513354068
1979,5,6000.0,4483,0.026159618605248264
1979,6,1000.0,4177,0.02437401894136114
1979,7,1500.0,3948,0.023037736839955417
1979,8,1134.0,3932,0.022944372151647595
1979,9,2500.0,3892,0.022710960430878037
1979,10,2268.0,3878,0.02262926632860869
1979,11,10000.0,3373,0.019682443353893016
1979,12,1200.0,3202,0.018684608247603155
1979,13,8000.0,3143,0.018340325959468055
1979,14,3500.0,2906,0.01695736151390842
1979,15,7000.0,2385,0.013917173850884923
1979,16,800.0,2382,0.013899667971827205
1979,17,15000.0,2182,0.012732609367979413
1979,18,1800.0,2029,0.011839809536035853
1979,19,500.0,2023,0.011804797777920418
1979,20,2400.0,1976,0.011530539006016187
1979,21,4500.0,1886,0.01100536263428468
1979,22,12000.0,1852,0.010806962671630557
1979,23,600.0,1776,0.010363480402168395
1979,24,2800.0,1744,0.010176751025552749
1979,25,20000.0,1699,0.009914162839686994
1979,26,1600.0,1642,0.009581551137590374
1979,27,3200.0,1385,0.008081880831645962
1979,28,9000.0,1283,0.007486680943683587
1979,29,400.0,1258,0.007340798618202613
1979,30,2200.0,1199,0.0069965163300675145
1979,31,300.0,1090,0.0063604693909704675
1979,32,2600.0,997,0.005817787140181244
1979,33,3600.0,994,0.005800281261123527
1979,34,30000.0,985,0.005747763623950377
1979,35,1644.0,974,0.005683575400738748
1979,36,4800.0,929,0.005420987214872995
1979,37,5500.0,917,0.005350963698642127
1979,38,1400.0,907,0.0052926107684497375
1979,39,1300.0,905,0.00528094018241126
1979,40,700.0,870,0.005076704926737896
1979,41,3800.0,854,0.004983340238430073
1979,42,6500.0,848,0.004948328480314639
1979,43,2300.0,842,0.004913316722199205
1979,44,25000.0,805,0.0046974108804873635
1979,45,2107.0,751,0.00438230505744846
1979,46,200.0,745,0.004347293299333026
1979,47,2700.0,729,0.004253928611025202
1979,48,13000.0,725,0.004230587438948247
1979,49,18000.0,714,0.004166399215736618
1979,50,2100.0,707,0.004125552164601945
1981,1,5000.0,9202,0.019487587833917127
1981,2,2000.0,7803,0.016524847627478304
1981,3,4000.0,7357,0.015580328590972432
1981,4,3000.0,7028,0.014883586969872808
1981,5,10000.0,5682,0.012033087814857327
1981,6,2500.0,5457,0.011556592785229925
1981,7,6000.0,5181,0.010972092215553645
1981,8,7500.0,3659,0.007748868059585174
1981,9,3333.3333333333335,3615,0.007655686809346926
1981,10,1000.0,3463,0.007333787944887526
1981,11,1500.0,3320,0.007030948881613221
1981,12,8000.0,3296,0.006980122745119632
1981,13,1666.6666666666667,2774,0.005874654276384059
1981,14,6666.666666666667,2770,0.005866183253635127
1981,15,3750.0,2756,0.005836534674013867
1981,16,7000.0,2638,0.005586639502920385
1981,17,15000.0,2632,0.005573932968796988
1981,18,20000.0,2577,0.005457456405999178
1981,19,2400.0,2349,0.004974608109310078
1981,20,4500.0,2343,0.00496190157518668
1981,21,1333.3333333333333,2079,0.004402814073757195
1981,22,2666.6666666666665,2025,0.004288455266646619
1981,23,12500.0,1987,0.004207980550531769
1981,24,3500.0,1969,0.004169860948161576
1981,25,9000.0,1917,0.004059737652425466
1981,26,12000.0,1821,0.0038564331064511073
1981,27,6250.0,1814,0.0038416088166404773
1981,28,8333.333333333334,1670,0.00353665199767894
1981,29,25000.0,1664,0.0035239454635555426
1981,30,1250.0,1616,0.0034222931905683635
1981,31,5500.0,1602,0.0033926446109471026
1981,32,1600.0,1530,0.003240166201466334
1981,33,1200.0,1409,0.0029839177633111534
1981,34,30000.0,1374,0.002909796314258002
1981,35,14000.0,1355,0.002869558956200577
1981,36,3200.0,1284,0.002719198302407041
1981,37,2857.1428571428573,1274,0.0026980207455347123
1981,38,5333.333333333333,1268,0.002685314211411315
1981,39,3600.0,1266,0.0026810787000368487
1981,40,2142.8571428571427,1255,0.002657783387477287
1981,41,13333.333333333334,1246,0.002638723586292191
1981,42,16000.0,1238,0.002621781540794328
1981,43,6500.0,1223,0.0025900152054858343
1981,44,4166.666666666667,1217,0.002577308671362437
1981,45,2250.0,1214,0.002570955404300738
1981,46,11000.0,1207,0.002556131114490108
1981,47,500.0,1200,0.0025413068246794776
1981,48,3666.6666666666665,1141,0.0024163592391327365
1981,49,13000.0,1134,0.0024015349493221065
1981,50,4666.666666666667,1132,0.0023972994379476407
1982,1,20000.0,7952,0.038444245691218064
1982,2,30000.0,7677,0.037114747757983034
1982,3,10000.0,6436,0.031115086175638764
1982,4,40000.0,5904,0.02854311199207136
1982,5,15000.0,5721,0.02765839154922768
1982,6,12000.0,5143,0.0248640286204646
1982,7,8000.0,5104,0.024675481640842177
1982,8,25000.0,4990,0.024124344315792016
1982,9,50000.0,4479,0.02165389542894438
1982,10,60000.0,4174,0.020179361357538252
1982,11,8055.0,3443,0.016645314124102587
1982,12,6000.0,3332,0.01610868041286954
1982,13,35000.0,3302,0.015963644274698447
1982,14,5000.0,3029,0.014643815417341487
1982,15,16000.0,2934,0.014184534313133022
1982,16,18000.0,2924,0.014136188933742657
1982,17,16608.0,2858,0.01381710942976625
1982,18,80000.0,2833,0.013696245981290338
1982,19,100000.0,2499,0.012081510309652155
1982,20,28000.0,2378,0.011496531219028742
1982,21,4000.0,2287,0.011056588266576422
1982,22,24000.0,2228,0.01077135052817327
1982,23,70000.0,2130,0.010297565810147695
1982,24,45000.0,2129,0.010292731272208658
1982,25,32000.0,2010,0.009717421257463318
1982,26,22000.0,1918,0.009272643767071962
1982,27,23000.0,1807,0.008736010055838914
1982,28,3000.0,1604,0.007754598854214509
1982,29,150000.0,1597,0.007720757088641253
1982,30,14000.0,1562,0.007551548260774976
1982,31,14400.0,1541,0.00745002296405521
1982,32,7000.0,1466,0.007087432618627475
1982,33,120000.0,1433,0.006927892866639271
1982,34,9000.0,1316,0.0063622519277720035
1982,35,2000.0,1290,0.0062365539413570545
1982,36,23568.0,1286,0.006217215789600909
1982,37,26000.0,1267,0.006125359568759215
1982,38,8050.0,1261,0.006096352341124997
1982,39,200000.0,1255,0.0060673451134907784
1982,40,36000.0,1169,0.005651574850733641
1982,41,90000.0,1058,0.005114941139500592
1982,42,21000.0,1028,0.004969905001329498
1982,43,38000.0,1012,0.004892552394304914
1982,44,13000.0,1010,0.0048828833184268415
1982,45,42000.0,996,0.00481519978728033
1982,46,17000.0,995,0.004810365249341295
1982,47,27000.0,989,0.004781358021707076
1982,48,48000.0,947,0.004578307428267543
1982,49,55000.0,841,0.0040658464067296765
1982,50,65000.0,774,0.003741932364814233
1983,1,10000.0,7839,0.01568436785334846
1983,2,20000.0,7406,0.014818016114542504
1983,3,15000.0,5232,0.010468250109544474
1983,4,30000.0,4694,0.009391813076108901
1983,5,50000.0,4159,0.008321378479662743
1983,6,25000.0,4147,0.008297368731705073
1983,7,5000.0,3889,0.00778115915061515
1983,8,40000.0,3616,0.007234937384578139
1983,9,12000.0,3471,0.006944819596756283
1983,10,8000.0,3035,0.00607246542096091
1983,11,16000.0,2874,0.00575033463586216
1983,12,7500.0,2792,0.0055862680248180765
1983,13,13333.333333333334,2768,0.005538248528902735
1983,14,12500.0,2530,0.00506205519440893
1983,15,16666.666666666668,2293,0.0045878626722449314
1983,16,100000.0,2237,0.004475817181775801
1983,17,6666.666666666667,2226,0.004453808246147936
1983,18,60000.0,2217,0.004435800935179683
1983,19,6000.0,2126,0.004253727013167346
1983,20,17500.0,1934,0.003869571045844613
1983,21,37500.0,1906,0.0038135483006100476
1983,22,33333.333333333336,1808,0.0036174686922890694
1983,23,24000.0,1748,0.0034974199525007153
1983,24,14000.0,1748,0.0034974199525007153
1983,25,4000.0,1675,0.0033513606524248844
1983,26,26666.666666666668,1670,0.003341356590775855
1983,27,35000.0,1668,0.0033373549661162433
1983,28,75000.0,1555,0.0031112631728481763
1983,29,9000.0,1551,0.0031032599235289527
1983,30,22500.0,1495,0.0029912144330598222
1983,31,18000.0,1462,0.0029251876261762277
1983,32,8333.333333333334,1458,0.002917184376857004
1983,33,45000.0,1383,0.0027671234521215613
1983,34,5100.0,1325,0.002651076336992819
1983,35,7000.0,1301,0.0026030568410774775
1983,36,7650.0,1263,0.0025270259725448533
1983,37,80000.0,1232,0.00246500079032087
1983,38,23333.333333333332,1222,0.002444992667022811
1983,39,13000.0,1178,0.0023569569245113515
1983,40,11666.666666666666,1167,0.002334947988883487
1983,41,6250.0,1146,0.0022929309299575627
1983,42,66666.66666666667,1091,0.0021828862518182383
1983,43,17388.0,1086,0.0021728821901692086
1983,44,8694.0,1061,0.0021228618819240613
1983,45,8571.42857142857,1057,0.0021148586326048377
1983,46,70000.0,1049,0.0020988521339663905
1983,47,3825.0,1036,0.0020728415736789136
1983,48,17000.0,1027,0.0020548342627106607
1983,49,3333.3333333333335,1026,0.0020528334503808546
1983,50,22000.0,1014,0.0020288237024231838
1984,1,50000.0,6066,0.012022761191811204
1984,2,20000.0,5976,0.011844381945641897
1984,3,30000.0,5228,0.010361852210812558
1984,4,40000.0,5170,0.01024689669661456
1984,5,100000.0,4555,0.009027971847790972
1984,6,25000.0,4196,0.008316436854737852
1984,7,60000.0,3791,0.007513730246975977
1984,8,10000.0,2759,0.005468314890901271
1984,9,15000.0,2680,0.005311737552597103
1984,10,75000.0,2615,0.005182908097030382
1984,11,33333.333333333336,2528,0.005010474825733386
1984,12,200000.0,2504,0.004962907026754905
1984,13,80000.0,2339,0.0046358784087778444
1984,14,150000.0,2224,0.004407949372005954
1984,15,66666.66666666667,2184,0.004328669707041818
1984,16,37500.0,1999,0.00396200125658269
1984,17,16666.666666666668,1917,0.003799477943406211
1984,18,24000.0,1889,0.0037439821779313162
1984,19,70000.0,1811,0.003589386831251251
1984,20,45000.0,1709,0.0033872236855927045
1984,21,125000.0,1685,0.003339655886614223
1984,22,26666.666666666668,1659,0.003288124104387535
1984,23,13333.333333333334,1596,0.0031632586320690208
1984,24,35000.0,1539,0.003050285109495127
1984,25,120000.0,1532,0.0030364111681264036
1984,26,48588.0,1465,0.002903617729311476
1984,27,12000.0,1465,0.002903617729311476
1984,28,250000.0,1437,0.0028481219638365808
1984,29,90000.0,1385,0.0027450583993832043
1984,30,16000.0,1377,0.002729202466390377
1984,31,300000.0,1191,0.0023605520243071454
1984,32,83333.33333333333,1187,0.0023526240578107317
1984,33,62500.0,1172,0.0023228941834491806
1984,34,12500.0,1153,0.002285236342591216
1984,35,24294.0,1144,0.0022673984179742857
1984,36,32000.0,1117,0.002213884644123494
1984,37,28571.428571428572,1114,0.0022079386692511836
1984,38,22500.0,1114,0.0022079386692511836
1984,39,133333.33333333334,1089,0.002158388878648599
1984,40,36000.0,1081,0.0021425329456557715
1984,41,18000.0,1034,0.002049379339322912
1984,42,160000.0,1031,0.002043433364450602
1984,43,500000.0,1006,0.001993883573848017
1984,44,55000.0,1000,0.0019819916241033964
1984,45,32392.0,984,0.0019502797581177423
1984,46,28000.0,955,0.0018928020010187438
1984,47,17500.0,915,0.0018135223360546079
1984,48,166666.66666666666,883,0.001750098604083299
1984,49,23333.333333333332,871,0.0017263147045940583
1984,50,140000.0,870,0.001724332712969955
1985,1,100000.0,6475,0.012593919519505501
1985,2,200000.0,5730,0.01114488939718402
1985,3,150000.0,4148,0.008067888519985918
1985,4,300000.0,3940,0.007663327089861263
1985,5,50000.0,3894,0.007573856773583695
1985,6,500000.0,3748,0.007289885769746196
1985,7,250000.0,3119,0.006066476444994233
1985,8,400000.0,3099,0.006027576307482247
1985,9,80000.0,3042,0.0059167109155730865
1985,10,75000.0,2779,0.0054051741072904695
1985,11,120000.0,2736,0.005321538811639699
1985,12,60000.0,2474,0.0048119470102326815
1985,13,1000000.0,2272,0.004419055621361622
1985,14,66666.66666666667,2238,0.004352925387591245
1985,15,160000.0,2197,0.004273180105691674
1985,16,125000.0,2119,0.004121469569394928
1985,17,133333.33333333334,2068,0.004022274218739364
1985,18,40000.0,1946,0.003784983379916248
1985,19,166666.66666666666,1932,0.0037577532836578576
1985,20,600000.0,1905,0.0037052380980166764
1985,21,166560.0,1664,0.003236491440997244
1985,22,750000.0,1632,0.003174251220978066
1985,23,375000.0,1567,0.0030478257740641115
1985,24,70000.0,1424,0.0027696897908534106
1985,25,175000.0,1412,0.002746349708346219
1985,26,140000.0,1401,0.0027249546327146267
1985,27,333333.3333333333,1352,0.002629649295810261
1985,28,266666.6666666667,1345,0.0026160342476810655
1985,29,90000.0,1339,0.00260436420642747
1985,30,83333.33333333333,1300,0.002528508938279097
1985,31,83280.0,1261,0.002452653670130724
1985,32,350000.0,1231,0.0023943034638627446
1985,33,240000.0,1229,0.002390413450111546
1985,34,33333.333333333336,1176,0.002287328085704783
1985,35,225000.0,1110,0.002158957631915229
1985,36,666666.6666666666,1089,0.0021181124875276434
1985,37,180000.0,1082,0.002104497439398448
1985,38,800000.0,1072,0.002085047370642455
1985,39,450000.0,1052,0.0020461472331304693
1985,40,116666.66666666667,1005,0.0019547319099773018
1985,41,1500000.0,973,0.001892491689958124
1985,42,110000.0,972,0.0018905466830825247
1985,43,700000.0,971,0.0018886016762069255
1985,44,30000.0,963,0.001873041621202131
1985,45,66624.0,951,0.0018497015386949394
1985,46,111040.0,946,0.0018399765043169427
1985,47,2000000.0,944,0.001836086490565744
1985,48,25000.0,929,0.0018069113874317547
1985,49,85714.28571428571,889,0.0017291111124077823
1985,50,62500.0,877,0.0017057710299005907
1986,1,400.0,3688,0.012979425780067713
1986,2,500.0,3587,0.012623969705288202
1986,3,200.0,3474,0.012226281225584392
1986,4,1000.0,3241,0.011406268696637597
1986,5,300.0,2727,0.009597314019046815
1986,6,600.0,2626,0.009241857944267302
1986,7,250.0,2122,0.00746809693744677
1986,8,2000.0,1909,0.006718471750040473
1986,9,402.0,1906,0.006707913648809398
1986,10,800.0,1823,0.006415806181416334
1986,11,750.0,1670,0.00587734301863153
1986,12,1500.0,1599,0.005627467956162763
1986,13,333.3333333333333,1580,0.005560599981699292
1986,14,201.0,1555,0.00547261580477367
1986,15,100.0,1492,0.005250895678921103
1986,16,666.6666666666666,1347,0.004740587452752497
1986,17,150.0,1313,0.004620928972133651
1986,18,700.0,1305,0.004592774035517453
1986,19,1250.0,1179,0.00414933378381232
1986,20,1200.0,1179,0.00414933378381232
1986,21,240.0,1162,0.004089504543502896
1986,22,266.6666666666667,1094,0.0038501875822652054
1986,23,2500.0,1048,0.0036882966967220613
1986,24,320.0,967,0.0034032279634830472
1986,25,166.66666666666666,963,0.0033891504951749475
1986,26,375.0,957,0.0033680342927127987
1986,27,3000.0,953,0.003353956824404699
1986,28,900.0,906,0.0031885465717845303
1986,29,133.33333333333334,903,0.0031779884705534557
1986,30,1600.0,901,0.003170949736399406
1986,31,268.0,900,0.003167430369322381
1986,32,350.0,892,0.003139275432706182
1986,33,450.0,889,0.0031287173314751074
1986,34,833.3333333333334,840,0.002956268344700889
1986,35,5000.0,817,0.002875322901929317
1986,36,1666.6666666666667,796,0.0028014161933117947
1986,37,160.0,776,0.0027310288517712975
1986,38,1333.3333333333333,768,0.0027028739151550986
1986,39,1400.0,709,0.0024952312576106313
1986,40,520.0,703,0.002474115055148482
1986,41,625.0,697,0.002452998852686333
1986,42,134.0,689,0.002424843916070134
1986,43,4000.0,679,0.002389650245299885
1986,44,533.3333333333334,664,0.0023368597391445122
1986,45,360.0,661,0.0023263016379134376
1986,46,285.7142857142857,644,0.002266472397604015
1986,47,120.0,637,0.0022418368280648407
1986,48,125.0,632,0.0022242399926797165
1986,49,480.0,599,0.0021081008791378956
1986,50,1750.0,591,0.0020799459425216967
1987,1,1000.0,3994,0.013649334449703536
1987,2,2000.0,3460,0.011824410915366608
1987,3,500.0,2680,0.009158792269705928
1987,4,3000.0,2301,0.007863575004699008
1987,5,5000.0,2237,0.007644857577362746
1987,6,1500.0,2220,0.007586760760726552
1987,7,800.0,2155,0.0073646258735881615
1987,8,2500.0,2113,0.00722109256189874
1987,9,1200.0,2103,0.00718691796387745
1987,10,600.0,2075,0.007091229089417836
1987,11,4000.0,1832,0.00626078635750047
1987,12,400.0,1732,0.005919040377287562
1987,13,750.0,1540,0.005262888095278779
1987,14,666.6666666666666,1516,0.005180869060027681
1987,15,1250.0,1420,0.00485279291902329
1987,16,1600.0,1388,0.0047434342053551595
1987,17,1666.6666666666667,1275,0.004357261247714574
1987,18,1333.3333333333333,1266,0.004326504109495412
1987,19,10000.0,1242,0.004244485074244314
1987,20,2400.0,1117,0.0038173025989781794
1987,21,6000.0,1097,0.003748953402935598
1987,22,3333.3333333333335,1036,0.003540488355005724
1987,23,900.0,986,0.0033696153648992704
1987,24,1800.0,929,0.003174820156177913
1987,25,333.3333333333333,900,0.0030757138219161696
1987,26,1400.0,878,0.00300052970626933
1987,27,300.0,875,0.002990277326862943
1987,28,833.3333333333334,870,0.0029731900278522974
1987,29,7500.0,866,0.002959520188643781
1987,30,3750.0,854,0.0029185106710182323
1987,31,250.0,835,0.0028535789347777798
1987,32,2666.6666666666665,815,0.002785229738735198
1987,33,1750.0,796,0.0027202980024947456
1987,34,200.0,782,0.0026724535652649386
1987,35,700.0,766,0.0026177742084308735
1987,36,1300.0,732,0.002501580575158485
1987,37,4500.0,673,0.002299950446832869
1987,38,3500.0,626,0.0021393298361328025
1987,39,8000.0,620,0.002118825077320028
1987,40,6666.666666666667,612,0.0020914853989029954
1987,41,2600.0,598,0.0020436409616731883
1987,42,2800.0,592,0.002023136202860414
1987,43,375.0,581,0.001985544145036994
1987,44,7000.0,578,0.0019752917656306068
1987,45,1100.0,576,0.0019684568460263487
1987,46,625.0,563,0.0019240298685986707
1987,47,984.0,546,0.0018659330519624764
1987,48,2250.0,523,0.0017873314765135075
1987,49,2333.3333333333335,521,0.0017804965569092493
1987,50,450.0,501,0.0017121473608666677
1988,1,5000.0,3416,0.01179423615402941
1988,2,10000.0,3362,0.011607793310845105
1988,3,4000.0,2367,0.008172411292912065
1988,4,20000.0,2337,0.00806883193558745
1988,5,6000.0,2158,0.0074508084368839185
1988,6,15000.0,1845,0.006370130475463777
1988,7,8000.0,1787,0.006169877051302856
1988,8,7500.0,1590,0.005489705938204556
1988,9,3000.0,1571,0.005424105678565633
1988,10,2000.0,1538,0.005310168385508557
1988,11,30000.0,1488,0.005137536123300867
1988,12,25000.0,1446,0.004992525023046407
1988,13,6666.666666666667,1443,0.004982167087313945
1988,14,3333.3333333333335,1360,0.004695597532049179
1988,15,2500.0,1269,0.004381406814831183
1988,16,12000.0,1240,0.004281280102750722
1988,17,50000.0,1199,0.004139721647740417
1988,18,12500.0,1199,0.004139721647740417
1988,19,40000.0,1052,0.0036321827968498065
1988,20,13333.333333333334,1045,0.0036080142801407297
1988,21,16000.0,1044,0.003604561634896576
1988,22,3750.0,976,0.0033697817582941172
1988,23,9000.0,961,0.00331799207963181
1988,24,7000.0,955,0.003297276208166887
1988,25,14000.0,902,0.0031142860102267352
1988,26,8333.333333333334,877,0.00302796987912289
1988,27,16666.666666666668,855,0.0029520116837515064
1988,28,6250.0,789,0.002724137097637355
1988,29,9480.0,767,0.002648178902265971
1988,30,17500.0,720,0.002485904575790742
1988,31,4500.0,715,0.002468641349569973
1988,32,100000.0,681,0.0023512514112687434
1988,33,60000.0,617,0.0021302821156428996
1988,34,24000.0,583,0.0020128921773416705
1988,35,18000.0,578,0.0019956289511209014
1988,36,13000.0,575,0.00198527101538844
1988,37,4740.0,570,0.001968007789167671
1988,38,11000.0,549,0.0018955022390404407
1988,39,1500.0,542,0.0018713337223313642
1988,40,33333.333333333336,535,0.0018471652056222874
1988,41,11666.666666666666,532,0.0018368072698898262
1988,42,3500.0,512,0.00176775436500675
1988,43,1666.6666666666667,498,0.0017194173315885966
1988,44,35000.0,497,0.0017159646863444428
1988,45,37500.0,493,0.0017021541053678275
1988,46,2400.0,492,0.0016987014601236737
1988,47,22500.0,480,0.001657269717193828
1988,48,17000.0,475,0.001640006490973059
1988,49,1000.0,469,0.0016192906195081362
1988,50,5500.0,459,0.001584764167066598
1989,1,623.0,1606,0.01414130741053818
1989,2,500.5,1509,0.013287193575655115
1989,3,830.6666666666666,1403,0.012353832065370527
1989,4,498.4,1389,0.012230557903634826
1989,5,1001.0,1275,0.011226754015215553
1989,6,415.3333333333333,1092,0.009615384615384616
1989,7,1501.0,1056,0.009298393913778529
1989,8,1246.0,1017,0.008954987320371935
1989,9,333.6666666666667,1015,0.008937376725838265
1989,10,3001.0,1002,0.008822907861369399
1989,11,1251.0,947,0.008338616511693434
1989,12,750.75,842,0.007414060298675683
1989,13,2501.0,841,0.007405255001408847
1989,14,1000.75,824,0.0072555649478726406
1989,15,2001.0,812,0.0071499013806706115
1989,16,250.25,804,0.007079459002535925
1989,17,1668.0,776,0.006832910679064525
1989,18,1334.3333333333333,762,0.006709636517328825
1989,19,1200.8,745,0.006559946463792618
1989,20,356.0,740,0.006515919977458439
1989,21,1000.8,709,0.0062429557621865315
1989,22,800.6,709,0.0062429557621865315
1989,23,5001.25,704,0.006198929275852353
1989,24,2668.0,699,0.006154902789518174
1989,25,2001.3333333333333,689,0.006066849816849817
1989,26,600.6,683,0.0060140180332488025
1989,27,3751.25,682,0.006005212735981967
1989,28,400.4,674,0.005934770357847281
1989,29,1600.8,625,0.00550331079177233
1989,30,625.75,610,0.005371231332769794
1989,31,3334.6666666666665,601,0.005291983657368273
1989,32,5001.666666666667,582,0.005124683009298394
1989,33,667.3333333333334,579,0.0050982671174978865
1989,34,834.3333333333334,578,0.005089461820231051
1989,35,6668.333333333333,574,0.005054240631163708
1989,36,1501.5,554,0.004878134685826993
1989,37,500.6,543,0.0047812764158918
1989,38,2000.8,528,0.004649196956889264
1989,39,200.2,524,0.004613975767821922
1989,40,4001.0,498,0.004385038038884193
1989,41,2502.0,496,0.004367427444350521
1989,42,3002.0,489,0.004305790363482671
1989,43,600.5,481,0.004235347985347985
1989,44,667.1666666666666,479,0.004217737390814314
1989,45,311.5,473,0.0041649056072133
1989,46,2001.5,458,0.004032826148210764
1989,47,7501.5,456,0.004015215553677092
1989,48,1751.0,454,0.003997604959143421
1989,49,400.3333333333333,443,0.0039007466892082275
1989,50,1000.6666666666666,439,0.0038655255001408847
1990,1,15000.5,1267,0.01094269551323574
1990,2,15140.5,1265,0.010925422118581855
1990,3,50001.0,1217,0.01051086064688863
1990,4,40001.0,1183,0.010217212937772596
1990,5,12112.4,1119,0.009664464308848297
1990,6,20187.333333333332,1093,0.0094399101783478
1990,7,75001.0,1050,0.009068532193289286
1990,8,40000.8,979,0.008455326683076391
1990,9,10000.333333333334,978,0.00844668998574945
1990,10,66668.0,977,0.008438053288422507
1990,11,25000.75,965,0.0083344129204992
1990,12,37501.0,964,0.008325776223172258
1990,13,30000.75,933,0.008058038606037052
1990,14,50001.333333333336,867,0.007488016582458868
1990,15,33334.333333333336,858,0.007410286306516388
1990,16,30281.0,849,0.0073325560305739085
1990,17,10093.666666666666,836,0.0072202789653236605
1990,18,100001.33333333333,827,0.007142548689381181
1990,19,30001.0,806,0.0069611780455153946
1990,20,30000.8,806,0.0069611780455153946
1990,21,20000.6,803,0.006935267953534568
1990,22,24000.6,784,0.006771170704322667
1990,23,20000.75,754,0.006512069784514402
1990,24,60000.8,735,0.006347972535302501
1990,25,12000.4,735,0.006347972535302501
1990,26,10000.5,734,0.0063393358379755585
1990,27,20000.666666666668,731,0.006313425745994731
1990,28,7500.25,728,0.006287515654013905
1990,29,100001.25,712,0.00614932849678283
1990,30,62501.0,680,0.005872954182320681
1990,31,6667.0,669,0.005777950511724317
1990,32,26667.666666666668,654,0.005648400051820184
1990,33,100002.0,631,0.0054497560133005135
1990,34,125001.25,623,0.005380662434684977
1990,35,16000.6,618,0.0053374789480502656
1990,36,50001.5,603,0.005207928488146133
1990,37,12500.5,599,0.005173381698838364
1990,38,75002.0,592,0.005112924817549769
1990,39,16667.166666666668,574,0.0049574642656648096
1990,40,20000.5,573,0.0049488275683378675
1990,41,83334.66666666667,562,0.004853823897741504
1990,42,60001.5,533,0.004603359675260181
1990,43,8651.714285714286,527,0.004551539491298527
1990,44,33334.0,522,0.004508356004663817
1990,45,150002.0,511,0.004413352334067452
1990,46,80001.0,505,0.0043615321501058
1990,47,133335.0,496,0.00428380187416332
1990,48,8000.4,492,0.004249255084855551
1990,49,166668.33333333334,490,0.004231981690201667
1990,50,6000.2,484,0.004180161506240013
1992,1,0.0,1118,0.014625850340136054
1992,2,500000.0,1082,0.014154892726321297
1992,3,522186.0,971,0.01270277341705913
1992,4,200000.0,953,0.012467294610151752
1992,5,300000.0,869,0.011368393511250654
1992,6,400000.0,851,0.011132914704343275
1992,7,1000000.0,750,0.009811616954474097
1992,8,261093.0,656,0.00858189429618001
1992,9,250000.0,651,0.008516483516483516
1992,10,100000.0,635,0.008307169021454735
1992,11,600000.0,606,0.007927786499215071
1992,12,150000.0,597,0.007810047095761381
1992,13,750000.0,448,0.005860805860805861
1992,14,1500000.0,414,0.005416012558869702
1992,15,174062.0,408,0.005337519623233909
1992,16,375000.0,396,0.005180533751962323
1992,17,800000.0,386,0.005049712192569335
1992,18,522000.0,348,0.004552590266875981
1992,19,50000.0,332,0.0043432757718472005
1992,20,266666.6666666667,327,0.004277864992150706
1992,21,700000.0,323,0.004225536368393511
1992,22,666666.6666666666,323,0.004225536368393511
1992,23,2000000.0,318,0.004160125588697017
1992,24,450000.0,314,0.004107796964939822
1992,25,350000.0,314,0.004107796964939822
1992,26,130546.5,310,0.004055468341182627
1992,27,333333.3333333333,284,0.003715332286760858
1992,28,120000.0,278,0.0036368393511250654
1992,29,261000.0,274,0.0035845107273678703
1992,30,160000.0,265,0.003466771323914181
1992,31,900000.0,260,0.003401360544217687
1992,32,1250000.0,259,0.0033882783882783884
1992,33,125000.0,252,0.0032967032967032967
1992,34,133333.33333333334,241,0.00315279958137101
1992,35,240000.0,239,0.0031266352694924123
1992,36,1200000.0,236,0.0030873888016745158
1992,37,166666.66666666666,236,0.0030873888016745158
1992,38,75000.0,233,0.0030481423338566196
1992,39,550000.0,230,0.003008895866038723
1992,40,560000.0,220,0.0028780743066457353
1992,41,80000.0,220,0.0028780743066457353
1992,42,560700.0,213,0.0027864992150706436
1992,43,650000.0,212,0.002773417059131345
1992,44,260000.0,211,0.002760334903192046
1992,45,60000.0,211,0.002760334903192046
1992,46,625000.0,210,0.0027472527472527475
1992,47,2500000.0,207,0.002708006279434851
1992,48,175000.0,202,0.002642595499738357
1992,49,3000000.0,201,0.0026295133437990582
1992,50,833333.3333333334,197,0.002577184720041863
1993,1,9606.0,1928,0.02476780185758514
1993,2,4803.0,1220,0.015672571714861964
1993,3,5000.0,1051,0.013501535141245842
1993,4,0.0,1025,0.013167529514535668
1993,5,10000.0,1020,0.01310329766324525
1993,6,6000.0,737,0.009467774880207598
1993,7,4000.0,724,0.00930077206685251
1993,8,3202.0,656,0.008427218889302828
1993,9,20000.0,636,0.008170291484141156
1993,10,3000.0,627,0.008054674151818403
1993,11,15000.0,612,0.00786197859794715
1993,12,2000.0,569,0.0073095846768495565
1993,13,7500.0,561,0.007206813714784888
1993,14,2401.5,525,0.006744344385493878
1993,15,2500.0,438,0.005626710173040607
1993,16,8000.0,436,0.0056010174325244405
1993,17,6404.0,408,0.0052413190652981
1993,18,12000.0,405,0.005202779954523849
1993,19,9000.0,401,0.005151394473491515
1993,20,6666.666666666667,379,0.004868774327813677
1993,21,30000.0,369,0.0047403106252328405
1993,22,12500.0,366,0.00470177151445859
1993,23,25000.0,356,0.004573307811877754
1993,24,7000.0,348,0.004470536849813085
1993,25,9600.0,338,0.00434207314723225
1993,26,4800.0,329,0.004226455814909497
1993,27,4500.0,314,0.004033760261038244
1993,28,3333.3333333333335,311,0.003995221150263993
1993,29,1921.2,293,0.0037639864856184885
1993,30,3750.0,290,0.003725447374844238
1993,31,1000.0,278,0.003571290931747235
1993,32,2400.0,264,0.003391441748134065
1993,33,13333.333333333334,263,0.0033785953778759812
1993,34,50000.0,256,0.0032886707860693963
1993,35,40000.0,242,0.003108821602456226
1993,36,8333.333333333334,242,0.003108821602456226
1993,37,1500.0,238,0.0030574361214238915
1993,38,17500.0,234,0.003006050640391557
1993,39,18000.0,230,0.002954665159359223
1993,40,14000.0,228,0.002928972418843056
1993,41,16000.0,225,0.0028904333080688053
1993,42,6250.0,224,0.0028775869378107216
1993,43,3200.0,207,0.002659198643423301
1993,44,16666.666666666668,206,0.0026463522731652173
1993,45,3500.0,188,0.002415117608519713
1993,46,11000.0,183,0.002350885757229295
1993,47,3842.4,179,0.0022995002761969606
1993,48,6400.0,169,0.002171036573616125
1993,49,2666.6666666666665,169,0.002171036573616125
1993,50,5500.0,165,0.0021196510925837906
1995,1,100.0,4092,0.049032412677490866
1995,2,50.0,2854,0.03419807081660775
1995,3,200.0,1733,0.020765682104127974
1995,4,150.0,1581,0.018944341261757834
1995,5,75.0,1222,0.01464262177221257
1995,6,0.0,1209,0.014486849200167755
1995,7,40.0,1047,0.012545683302378527
1995,8,66.66666666666667,1020,0.012222155652746989
1995,9,60.0,998,0.011958540530824995
1995,10,125.0,959,0.011491222814690552
1995,11,33.333333333333336,951,0.01139536277035528
1995,12,25.0,938,0.011239590198310466
1995,13,80.0,911,0.01091606254867893
1995,14,250.0,900,0.010784254987717932
1995,15,300.0,892,0.01068839494338266
1995,16,20.0,746,0.008938949134263975
1995,17,120.0,705,0.008447666407045713
1995,18,30.0,698,0.008363788868252352
1995,19,400.0,669,0.008016296207536995
1995,20,70.0,638,0.007644838535737823
1995,21,133.33333333333334,632,0.00757294350248637
1995,22,140.0,624,0.007477083458151099
1995,23,500.0,610,0.007309328380564376
1995,24,83.33333333333333,604,0.007237433347312923
1995,25,90.0,538,0.006446587981546941
1995,26,37.5,515,0.006170990354083038
1995,27,175.0,507,0.006075130309747768
1995,28,62.5,500,0.005991252770954407
1995,29,166.66666666666666,487,0.005835480198909592
1995,30,160.0,481,0.005763585165658139
1995,31,110.0,444,0.005320232460607513
1995,32,116.66666666666667,407,0.004876879755556887
1995,33,130.0,394,0.004721107183512072
1995,34,350.0,393,0.004709124677970164
1995,35,87.5,381,0.004565334611467258
1995,36,225.0,353,0.004229824456293811
1995,37,600.0,347,0.004157929423042358
1995,38,180.0,326,0.0039062968066622735
1995,39,112.5,319,0.0038224192678689116
1995,40,266.6666666666667,308,0.0036906117069079145
1995,41,1000.0,302,0.0036187166736564615
1995,42,45.0,277,0.0033191540351087414
1995,43,16.666666666666668,269,0.0032232939907734705
1995,44,275.0,256,0.003067521418728656
1995,45,170.0,255,0.003055538913186747
1995,46,233.33333333333334,252,0.003019591396561021
1995,47,55.0,249,0.0029836438799352946
1995,48,375.0,248,0.0029716613743933857
1995,49,240.0,243,0.0029117488466838416
1995,50,333.3333333333333,239,0.0028638188245162064
1996,1,112.0,2565,0.031071701130210416
1996,2,0.0,1677,0.02031471454010248
1996,3,56.0,1497,0.018134244285350876
1996,4,100.0,1275,0.015444997637823891
1996,5,200.0,1023,0.012392339281171639
1996,6,50.0,954,0.011556492350183523
1996,7,150.0,844,0.01022398275005754
1996,8,37.333333333333336,785,0.009509273055444514
1996,9,300.0,735,0.008903586873569066
1996,10,250.0,691,0.008370583033518673
1996,11,28.0,650,0.007873920364380806
1996,12,500.0,630,0.007631645891630628
1996,13,40.0,621,0.007522622378893048
1996,14,60.0,606,0.007340916524330414
1996,15,75.0,594,0.007195551840680306
1996,16,400.0,589,0.007134983222492762
1996,17,80.0,544,0.00658986565880486
1996,18,74.66666666666667,544,0.00658986565880486
1996,19,120.0,501,0.006068975542391976
1996,20,125.0,497,0.00602052064784194
1996,21,30.0,427,0.005172559993216315
1996,22,140.0,415,0.005027195309566208
1996,23,70.0,408,0.004942399244103645
1996,24,20.0,406,0.004918171796828627
1996,25,66.66666666666667,382,0.004627442429528413
1996,26,600.0,379,0.004591101258615886
1996,27,133.33333333333334,377,0.004566873811340868
1996,28,84.0,375,0.00454264636406585
1996,29,350.0,367,0.004445736574965779
1996,30,166.66666666666666,366,0.00443362285132827
1996,31,160.0,352,0.0042640307204031445
1996,32,175.0,342,0.004142893484028055
1996,33,25.0,341,0.004130779760390547
1996,34,115.0,339,0.004106552313115529
1996,35,90.0,335,0.004058097418565493
1996,36,1000.0,312,0.0037794817749027872
1996,37,22.4,308,0.0037310268803527518
1996,38,83.33333333333333,290,0.003512979854877591
1996,39,224.0,284,0.0034402975130525372
1996,40,333.3333333333333,276,0.003343387723952466
1996,41,110.0,270,0.0032707053821274122
1996,42,168.0,260,0.0031495681457523227
1996,43,375.0,252,0.0030526583566522513
1996,44,33.333333333333336,250,0.0030284309093772336
1996,45,750.0,243,0.002943634843914671
1996,46,180.0,242,0.002931521120277162
1996,47,44.8,240,0.002907293673002144
1996,48,266.6666666666667,238,0.0028830662257271263
1996,49,450.0,236,0.0028588387784521086
1996,50,225.0,235,0.0028467250548145995
1997,1,120.0,3786,0.04302859480838296
1997,2,60.0,2586,0.029390371414283765
1997,3,100.0,1618,0.018388871209710417
1997,4,40.0,1586,0.018025185252534437
1997,5,0.0,1514,0.017206891848888486
1997,6,80.0,1482,0.016843205891712506
1997,7,200.0,1310,0.014888393871891621
1997,8,150.0,1207,0.01371777969723144
1997,9,30.0,1088,0.01236532254398327
1997,10,50.0,1066,0.012115288448424785
1997,11,90.0,965,0.010967404646088103
1997,12,300.0,963,0.010944674273764604
1997,13,250.0,813,0.009239896349502204
1997,14,240.0,804,0.00913760967404646
1997,15,180.0,789,0.008967131881620221
1997,16,75.0,733,0.008330681456562258
1997,17,160.0,713,0.008103377733327272
1997,18,500.0,686,0.00779651770696004
1997,19,400.0,651,0.007398736191298813
1997,20,140.0,624,0.007091876164931582
1997,21,20.0,609,0.006921398372505341
1997,22,125.0,585,0.006648633904623358
1997,23,70.0,511,0.005807610128653907
1997,24,66.66666666666667,474,0.005387098240669182
1997,25,110.0,457,0.005193890075919444
1997,26,600.0,452,0.005137064145110697
1997,27,24.0,431,0.004898395235713961
1997,28,45.0,420,0.004773378187934718
1997,29,133.33333333333334,417,0.00473928262944947
1997,30,130.0,411,0.004671091512478975
1997,31,166.66666666666666,402,0.00456880483702323
1997,32,350.0,391,0.004443787789243988
1997,33,48.0,389,0.004421057416920489
1997,34,175.0,388,0.00440969223075874
1997,35,25.0,371,0.004216484066009002
1997,36,220.0,348,0.003955084784288767
1997,37,1000.0,327,0.0037164158748920306
1997,38,105.0,316,0.003591398827112788
1997,39,210.0,314,0.0035686684547892897
1997,40,83.33333333333333,312,0.003545938082465791
1997,41,170.0,309,0.003511842523980543
1997,42,266.6666666666667,300,0.003409555848524799
1997,43,450.0,298,0.0033868254762013
1997,44,360.0,294,0.0033413647315543027
1997,45,33.333333333333336,290,0.0032959039869073056
1997,46,225.0,283,0.00321634768377506
1997,47,375.0,281,0.0031936173114515617
1997,48,280.0,276,0.003136791380642815
1997,49,333.3333333333333,271,0.0030799654498340685
1997,50,55.0,270,0.003068600263672319
1998,1,130.0,3404,0.03843634967593324
1998,2,65.0,1925,0.02173618481967435
1998,3,100.0,1560,0.01761477834737246
1998,4,0.0,1432,0.01616946320092139
1998,5,200.0,1291,0.014577358234908877
1998,6,150.0,1124,0.012691673629773493
1998,7,50.0,987,0.011144734762087577
1998,8,43.333333333333336,959,0.010828572073801404
1998,9,300.0,873,0.009857500959779589
1998,10,86.66666666666667,801,0.00904451118990086
1998,11,250.0,786,0.008875138321176125
1998,12,60.0,763,0.008615433255798197
1998,13,80.0,733,0.008276687518348728
1998,14,75.0,710,0.0080169824529708
1998,15,120.0,703,0.007937941780899257
1998,16,32.5,703,0.007937941780899257
1998,17,500.0,699,0.007892775682572661
1998,18,400.0,693,0.007825026535082767
1998,19,40.0,665,0.007508863846796595
1998,20,90.0,621,0.007012036765204037
1998,21,260.0,618,0.006978162191459091
1998,22,125.0,594,0.0067071656014995144
1998,23,140.0,577,0.006515209683611481
1998,24,70.0,563,0.006357128339468395
1998,25,160.0,550,0.006210338519906958
1998,26,110.0,483,0.005453806372936474
1998,27,30.0,465,0.005250558930466792
1998,28,175.0,454,0.005126352160068653
1998,29,66.66666666666667,450,0.0050811860617420565
1998,30,180.0,449,0.0050698945371604074
1998,31,600.0,437,0.004934396242180619
1998,32,133.33333333333334,436,0.00492310471759897
1998,33,166.66666666666666,422,0.004765023373455884
1998,34,195.0,394,0.0044488606851697116
1998,35,1000.0,388,0.004381111537679817
1998,36,20.0,388,0.004381111537679817
1998,37,350.0,387,0.004369820013098168
1998,38,190.0,353,0.003985908177322102
1998,39,240.0,347,0.003918159029832208
1998,40,52.0,342,0.0038617014069239628
1998,41,26.0,341,0.0038504098823423137
1998,42,115.0,327,0.0036923285381992277
1998,43,97.5,325,0.0036697454890359297
1998,44,25.0,307,0.0034664980465662475
1998,45,266.6666666666667,300,0.0033874573744947043
1998,46,45.0,296,0.003342291276168108
1998,47,95.0,295,0.003330999751586459
1998,48,375.0,291,0.003285833653259863
1998,49,170.0,290,0.003274542128678214
1998,50,62.5,289,0.003263250604096565
1999,1,136.0,2928,0.031917328885836684
1999,2,100.0,1589,0.01732125532773036
1999,3,68.0,1519,0.01655820443223563
1999,4,200.0,1400,0.01526101790989459
1999,5,0.0,1365,0.014879492462147224
1999,6,150.0,1132,0.012339623052857625
1999,7,50.0,1089,0.011870891788482291
1999,8,300.0,912,0.009941463095588476
1999,9,45.333333333333336,808,0.008807787479424877
1999,10,250.0,787,0.008578872210776458
1999,11,60.0,715,0.007794019861124737
1999,12,400.0,709,0.00772861549865376
1999,13,75.0,705,0.007685012590339776
1999,14,500.0,704,0.007674111863261279
1999,15,80.0,681,0.0074233951404558685
1999,16,40.0,634,0.00691106096776655
1999,17,34.0,622,0.006780252242824596
1999,18,125.0,621,0.0067693515157461
1999,19,120.0,619,0.006747550061589108
1999,20,90.66666666666667,501,0.005461264266326564
1999,21,66.66666666666667,464,0.005057937364422207
1999,22,30.0,463,0.005047036637343711
1999,23,175.0,456,0.004970731547794238
1999,24,160.0,453,0.0049380293665587495
1999,25,600.0,448,0.004883525731166269
1999,26,70.0,444,0.0048399228228522845
1999,27,133.33333333333334,441,0.004807220641616796
1999,28,166.66666666666666,435,0.004741816279145819
1999,29,90.0,413,0.004502000283418904
1999,30,1000.0,404,0.004403893739712439
1999,31,140.0,399,0.004349390104319958
1999,32,20.0,389,0.004240382833534997
1999,33,350.0,378,0.00412047483567154
1999,34,272.0,358,0.0039024602941016167
1999,35,130.0,358,0.0039024602941016167
1999,36,25.0,340,0.0037062472066886863
1999,37,333.3333333333333,324,0.003531835573432748
1999,38,450.0,319,0.003477331938040267
1999,39,180.0,308,0.0033574239401768097
1999,40,225.0,296,0.0032266152152348564
1999,41,266.6666666666667,292,0.003183012306920872
1999,42,83.33333333333333,291,0.0031721115798423755
1999,43,33.333333333333336,290,0.0031612108527638793
1999,44,110.0,288,0.003139409398606887
1999,45,27.2,287,0.003128508671528391
1999,46,375.0,283,0.0030849057632144064
1999,47,240.0,277,0.0030195014007434297
1999,48,116.66666666666667,277,0.0030195014007434297
1999,49,37.5,277,0.0030195014007434297
1999,50,45.0,266,0.0028995934028799722
2001,1,180.0,3669,0.036175226526527514
2001,2,90.0,2143,0.021129329639233703
2001,3,0.0,1885,0.018585527937450084
2001,4,100.0,1731,0.017067134673594747
2001,5,60.0,1681,0.01657414984766769
2001,6,200.0,1672,0.016485412579000817
2001,7,120.0,1380,0.0136063811955868
2001,8,150.0,1304,0.012857044260177673
2001,9,300.0,1161,0.011447107658026286
2001,10,50.0,1106,0.010904824349506521
2001,11,250.0,1001,0.0098695562150597
2001,12,500.0,921,0.009080780493576407
2001,13,400.0,918,0.009051201404020784
2001,14,45.0,917,0.009041341707502244
2001,15,80.0,770,0.007591966319276693
2001,16,75.0,770,0.007591966319276693
2001,17,40.0,720,0.0070989814933496345
2001,18,125.0,716,0.00705954270727547
2001,19,140.0,649,0.006398943040533212
2001,20,360.0,643,0.006339784861421965
2001,21,160.0,643,0.006339784861421965
2001,22,133.33333333333334,599,0.005905958214606154
2001,23,30.0,589,0.005807361249420743
2001,24,240.0,586,0.005777782159865119
2001,25,600.0,549,0.0054129733886790965
2001,26,70.0,541,0.005334095816530767
2001,27,1000.0,519,0.005117182493122862
2001,28,66.66666666666667,517,0.005097463100085779
2001,29,350.0,516,0.005087603403567238
2001,30,166.66666666666666,484,0.004772093114973921
2001,31,110.0,474,0.00467349614978851
2001,32,225.0,464,0.004574899184603098
2001,33,450.0,460,0.004535460398528934
2001,34,175.0,454,0.004476302219417686
2001,35,36.0,453,0.004466442522899145
2001,36,220.0,449,0.004427003736824981
2001,37,190.0,439,0.004328406771639569
2001,38,135.0,422,0.0041607919308243695
2001,39,270.0,420,0.004141072537787287
2001,40,20.0,394,0.0038847204283052167
2001,41,333.3333333333333,389,0.003835421945712511
2001,42,266.6666666666667,384,0.0037861234631198053
2001,43,210.0,376,0.003707245890971476
2001,44,130.0,366,0.0036086489257860645
2001,45,280.0,365,0.003598789229267523
2001,46,83.33333333333333,353,0.003480472871045029
2001,47,25.0,348,0.0034311743884523236
2001,48,170.0,345,0.0034015952988967
2001,49,375.0,343,0.0033818759058596177
2001,50,230.0,336,0.0033128580302298296
2002,1,200.0,5570,0.0536020170525627
2002,2,100.0,3782,0.03639548087841869
2002,3,150.0,1930,0.018573050792001077
2002,4,300.0,1906,0.018342090574898474
2002,5,400.0,1731,0.016658005658525318
2002,6,50.0,1672,0.016090228458148084
2002,7,250.0,1521,0.014637103758877534
2002,8,66.66666666666667,1485,0.014290663433223627
2002,9,0.0,1415,0.013617029466674365
2002,10,133.33333333333334,1329,0.0127894220220567
2002,11,500.0,1221,0.011750101045094982
2002,12,80.0,939,0.009036318494139384
2002,13,125.0,933,0.008978578439863733
2002,14,350.0,885,0.008516658005658526
2002,15,75.0,857,0.00824720441903882
2002,16,120.0,856,0.008237581076659546
2002,17,600.0,850,0.008179841022383894
2002,18,40.0,806,0.007756413957695787
2002,19,166.66666666666666,792,0.007621687164385935
2002,20,175.0,762,0.00733298689300768
2002,21,60.0,728,0.007005793252112324
2002,22,160.0,674,0.006486132763631465
2002,23,1000.0,634,0.006101199068460458
2002,24,266.6666666666667,614,0.0059087322208749545
2002,25,140.0,609,0.0058606155089785785
2002,26,225.0,594,0.005716265373289451
2002,27,450.0,562,0.005408318417152645
2002,28,240.0,519,0.004994514694843813
2002,29,233.33333333333334,506,0.004869411243913236
2002,30,333.3333333333333,490,0.004715437765844833
2002,31,275.0,480,0.004619204342052081
2002,32,180.0,479,0.004609580999672807
2002,33,70.0,476,0.0045807109725349805
2002,34,83.33333333333333,462,0.004445984179225129
2002,35,90.0,444,0.004272764016398175
2002,36,220.0,437,0.0042054006197432495
2002,37,800.0,435,0.004186153934984699
2002,38,700.0,435,0.004186153934984699
2002,39,110.0,432,0.0041572839078468735
2002,40,750.0,417,0.0040129337721577455
2002,41,130.0,411,0.003955193717882095
2002,42,325.0,405,0.0038974536636064436
2002,43,375.0,401,0.003858960294089343
2002,44,116.66666666666667,388,0.0037338568431587657
2002,45,33.333333333333336,372,0.003579883365090363
2002,46,550.0,361,0.003474026598918336
2002,47,210.0,346,0.0033296764632292086
2002,48,280.0,341,0.003281559751332833
2002,49,170.0,331,0.003185326327540081
2002,50,62.5,330,0.003175702985160806
2003,1,240.0,4394,0.041579923539876606
2003,2,120.0,2613,0.02472652257844733
2003,3,200.0,1701,0.016096370036716
2003,4,80.0,1676,0.015859797872743102
2003,5,0.0,1663,0.015736780347477195
2003,6,100.0,1514,0.01432681025019872
2003,7,300.0,1412,0.013361595821189296
2003,8,150.0,1401,0.01325750406904122
2003,9,160.0,1363,0.012897914379802415
2003,10,60.0,1326,0.012547787577122525
2003,11,500.0,1152,0.010901245315871153
2003,12,400.0,1127,0.010664673151898256
2003,13,250.0,1091,0.010324009235777282
2003,14,180.0,810,0.007664938112721904
2003,15,50.0,791,0.007485143268102502
2003,16,600.0,756,0.007153942238540444
2003,17,75.0,692,0.006548317498769825
2003,18,1000.0,648,0.006131950490177524
2003,19,480.0,637,0.006027858738029449
2003,20,125.0,626,0.0059237669858813735
2003,21,350.0,604,0.005715583481585223
2003,22,360.0,580,0.005488474204171241
2003,23,40.0,570,0.005393845338582081
2003,24,133.33333333333334,539,0.0051004958552556875
2003,25,166.66666666666666,534,0.005053181422461107
2003,26,140.0,527,0.004986941216548696
2003,27,175.0,526,0.00497747832998978
2003,28,450.0,487,0.004608425754192059
2003,29,280.0,477,0.004513796888602899
2003,30,90.0,477,0.004513796888602899
2003,31,320.0,472,0.00446648245580832
2003,32,333.3333333333333,458,0.0043340020439834965
2003,33,266.6666666666667,448,0.004239373178394338
2003,34,260.0,443,0.0041920587455997575
2003,35,800.0,441,0.004173132972481926
2003,36,700.0,439,0.004154207199364094
2003,37,170.0,424,0.004012263900980355
2003,38,48.0,416,0.0039365608085090275
2003,39,220.0,415,0.003927097921950112
2003,40,750.0,393,0.003718914417653961
2003,41,130.0,393,0.003718914417653961
2003,42,270.0,387,0.0036621370983004656
2003,43,225.0,380,0.003595896892388054
2003,44,1500.0,377,0.0035675082327113064
2003,45,210.0,371,0.0035107309133578105
2003,46,340.0,369,0.0034918051402399787
2003,47,233.33333333333334,369,0.0034918051402399787
2003,48,375.0,368,0.003482342253681063
2003,49,70.0,356,0.0033687876149740715
2003,50,550.0,342,0.0032363072031492486
2004,1,260.0,4244,0.0384590986941668
2004,2,130.0,2050,0.018577085844260585
2004,3,200.0,1713,0.01552319417132604
2004,4,300.0,1454,0.013176137959782874
2004,5,100.0,1375,0.012460240505296734
2004,6,0.0,1337,0.012115884767695807
2004,7,400.0,1234,0.011182499478935397
2004,8,500.0,1233,0.011173437485840636
2004,9,150.0,1190,0.010783771782765902
2004,10,86.0,1113,0.010085998314469284
2004,11,250.0,1071,0.009705394604489312
2004,12,600.0,868,0.007865810006252775
2004,13,65.0,788,0.007140850558671874
2004,14,173.0,782,0.007086478600103307
2004,15,1000.0,747,0.006769308841786663
2004,16,350.0,713,0.0064612010765647794
2004,17,120.0,691,0.006261837228480032
2004,18,520.0,659,0.005971853449447672
2004,19,50.0,651,0.005899357504689582
2004,20,133.0,631,0.005718117642794356
2004,21,140.0,604,0.005473443829235802
2004,22,180.0,602,0.00545531984304628
2004,23,160.0,602,0.00545531984304628
2004,24,175.0,594,0.00538282389828819
2004,25,166.0,590,0.005346575925909145
2004,26,280.0,569,0.005156274070919158
2004,27,125.0,564,0.005110964105445352
2004,28,450.0,563,0.005101902112350591
2004,29,75.0,553,0.005011282181402977
2004,30,80.0,544,0.004929724243550126
2004,31,240.0,532,0.004820980326412991
2004,32,266.0,506,0.004585368505949199
2004,33,333.0,500,0.004530996547380631
2004,34,800.0,498,0.004512872561191109
2004,35,220.0,485,0.004395066650959212
2004,36,750.0,483,0.00437694266476969
2004,37,700.0,481,0.004358818678580167
2004,38,60.0,477,0.004322570706201122
2004,39,66.0,473,0.004286322733822076
2004,40,390.0,441,0.003996338954789716
2004,41,190.0,439,0.003978214968600194
2004,42,375.0,408,0.0036972931826625946
2004,43,360.0,401,0.003633859230999266
2004,44,90.0,396,0.0035885492655254596
2004,45,225.0,388,0.0035160533207673696
2004,46,116.0,388,0.0035160533207673696
2004,47,230.0,378,0.003425433389819757
2004,48,70.0,376,0.0034073094036302346
2004,49,320.0,374,0.003389185417440712
2004,50,233.0,373,0.003380123424345951
2005,1,300.0,6529,0.05698401061304287
2005,2,150.0,3621,0.0316034771679933
2005,3,200.0,2985,0.02605257645580226
2005,4,100.0,2668,0.023285853931015222
2005,5,600.0,1812,0.015814830330959363
2005,6,400.0,1793,0.01564900153609831
2005,7,500.0,1673,0.014601661779081133
2005,8,250.0,1524,0.01330121491411814
2005,9,450.0,1332,0.011625471302890657
2005,10,75.0,1266,0.01104943443653121
2005,11,0.0,1253,0.010935972629521017
2005,12,350.0,1170,0.01021156263091747
2005,13,225.0,1041,0.009085672392124005
2005,14,120.0,947,0.008265256249127217
2005,15,1000.0,860,0.007505934925289764
2005,16,175.0,762,0.00665060745705907
2005,17,125.0,753,0.006572056975282781
2005,18,166.0,747,0.006519689987431923
2005,19,50.0,746,0.006510962156123446
2005,20,375.0,717,0.006257855048177629
2005,21,60.0,703,0.006135665409858959
2005,22,700.0,701,0.006118209747242006
2005,23,133.0,701,0.006118209747242006
2005,24,266.0,688,0.006004747940231811
2005,25,800.0,682,0.005952380952380952
2005,26,180.0,658,0.005742913000977517
2005,27,333.0,636,0.0055509007121910346
2005,28,750.0,618,0.005393799748638458
2005,29,550.0,608,0.005306521435553694
2005,30,233.0,591,0.005158148303309594
2005,31,275.0,572,0.0049923195084485405
2005,32,900.0,568,0.004957408183214635
2005,33,160.0,568,0.004957408183214635
2005,34,80.0,531,0.004634478424801005
2005,35,325.0,530,0.004625750593492529
2005,36,650.0,526,0.004590839268258623
2005,37,240.0,524,0.00457338360564167
2005,38,1500.0,486,0.004241726015919565
2005,39,140.0,476,0.004154447702834799
2005,40,66.0,457,0.003988618907973747
2005,41,116.0,447,0.003901340594888982
2005,42,366.0,434,0.003787878787878788
2005,43,220.0,415,0.003622049993017735
2005,44,2000.0,412,0.0035958664990923058
2005,45,112.0,407,0.003552227342549923
2005,46,1200.0,403,0.0035173160173160175
2005,47,90.0,399,0.0034824046920821114
2005,48,320.0,380,0.0033165758972210587
2005,49,433.0,376,0.0032816645719871526
2005,50,216.0,367,0.0032031140902108643
2006,1,350.0,5656,0.04861905048438534
2006,2,175.0,2523,0.021687741225619558
2006,3,200.0,1838,0.01579947220479142
2006,4,400.0,1724,0.014819526703514909
2006,5,500.0,1649,0.014174825715832997
2006,6,300.0,1616,0.013891157281252954
2006,7,250.0,1486,0.012773675569270972
2006,8,700.0,1362,0.011707769936303543
2006,9,116.0,1325,0.011389717449047132
2006,10,150.0,1231,0.010581692211152467
2006,11,233.0,1211,0.010409771947770624
2006,12,600.0,1167,0.010031547368330567
2006,13,0.0,1106,0.009507190565015946
2006,14,100.0,1082,0.009300886248957734
2006,15,450.0,1003,0.008621801208599452
2006,16,1000.0,965,0.008295152708173948
2006,17,375.0,757,0.006507181969002776
2006,18,800.0,750,0.006447009876819131
2006,19,87.0,737,0.006335261705620933
2006,20,750.0,694,0.00596563313934997
2006,21,225.0,684,0.005879673007659048
2006,22,266.0,678,0.005828096928644494
2006,23,550.0,650,0.005587408559909914
2006,24,525.0,620,0.005329528164837148
2006,25,166.0,615,0.0052865480989916875
2006,26,275.0,612,0.005260760059484411
2006,27,333.0,595,0.005114627835609844
2006,28,125.0,578,0.004968495611735277
2006,29,425.0,575,0.004942707572228
2006,30,140.0,569,0.0048911314932134475
2006,31,133.0,565,0.004856747440537079
2006,32,650.0,562,0.004830959401029802
2006,33,50.0,538,0.00462465508497159
2006,34,325.0,527,0.004530098940111576
2006,35,120.0,522,0.004487118874266115
2006,36,1500.0,515,0.00442694678208247
2006,37,900.0,499,0.004289410571376996
2006,38,70.0,455,0.00391118599193694
2006,39,2000.0,437,0.0037564577548932806
2006,40,262.0,437,0.0037564577548932806
2006,41,240.0,423,0.00363611357052599
2006,42,1200.0,422,0.003627517557356898
2006,43,475.0,422,0.003627517557356898
2006,44,160.0,416,0.003575941478342345
2006,45,366.0,382,0.0032836770305932107
2006,46,216.0,375,0.0032235049384095656
2006,47,180.0,374,0.0032149089252404735
2006,48,75.0,374,0.0032149089252404735
2006,49,666.0,361,0.003103160754042275
2006,50,210.0,355,0.003051584675027722
2007,1,380.0,5112,0.044408923483216345
2007,2,190.0,2351,0.020423587462645075
2007,3,0.0,1891,0.01642747932448398
2007,4,200.0,1708,0.014837723260824241
2007,5,500.0,1553,0.013491208562096046
2007,6,400.0,1524,0.013239280005559803
2007,7,300.0,1416,0.012301063312252416
2007,8,126.0,1339,0.011632149558690666
2007,9,250.0,1162,0.010094516644659114
2007,10,600.0,1127,0.009790464938494683
2007,11,1000.0,1034,0.008982556119257766
2007,12,150.0,1009,0.008765376329140316
2007,13,100.0,992,0.008617694071860449
2007,14,253.0,806,0.0070018764333866145
2007,15,450.0,777,0.006749947876850372
2007,16,800.0,737,0.006402460212662451
2007,17,95.0,732,0.0063590242546389605
2007,18,350.0,721,0.006263465146987282
2007,19,760.0,702,0.006098408506498019
2007,20,750.0,701,0.006089721314893322
2007,21,700.0,666,0.0057856696087288904
2007,22,1500.0,607,0.005273125304051707
2007,23,166.0,572,0.004969073597887275
2007,24,333.0,562,0.004882201681840294
2007,25,266.0,539,0.00468239627493224
2007,26,240.0,530,0.004604211550489958
2007,27,125.0,522,0.004534714017652373
2007,28,2000.0,513,0.004456529293210091
2007,29,550.0,504,0.004378344568767809
2007,30,375.0,497,0.004317534227534923
2007,31,225.0,490,0.0042567238863020366
2007,32,133.0,484,0.004204600736673848
2007,33,900.0,475,0.0041264160122315655
2007,34,160.0,469,0.004074292862603378
2007,35,650.0,452,0.003926610605323511
2007,36,260.0,452,0.003926610605323511
2007,37,50.0,430,0.003735492390020154
2007,38,1200.0,425,0.003692056431996664
2007,39,233.0,424,0.003683369240391966
2007,40,76.0,422,0.00366599485718257
2007,41,440.0,420,0.003648620473973174
2007,42,120.0,416,0.0036138717075543817
2007,43,390.0,404,0.0035096254082980054
2007,44,220.0,404,0.0035096254082980054
2007,45,175.0,387,0.003361943151018139
2007,46,666.0,386,0.003353255959413441
2007,47,325.0,367,0.0031881993189241784
2007,48,140.0,364,0.003162137744110084
2007,49,290.0,362,0.003144763360900688
2007,50,275.0,355,0.0030839530196678016
2008,1,415.0,5125,0.04463469226012663
2008,2,207.0,2212,0.019264768639882947
2008,3,0.0,1576,0.013725712195504306
2008,4,500.0,1491,0.012985429494604645
2008,5,200.0,1344,0.011705175882460525
2008,6,300.0,1309,0.011400353593854783
2008,7,400.0,1285,0.011191332595953701
2008,8,600.0,1183,0.01030299335487411
2008,9,138.0,1176,0.01024202889715296
2008,10,1000.0,1123,0.009780440860121406
2008,11,250.0,971,0.008456641206747894
2008,12,276.0,912,0.00794279792024107
2008,13,150.0,831,0.007237352052324923
2008,14,100.0,802,0.00698478501319445
2008,15,800.0,777,0.006767054807047491
2008,16,103.0,755,0.006575452225638167
2008,17,830.0,711,0.006192247062819519
2008,18,700.0,700,0.006096445772114857
2008,19,750.0,670,0.005835169524738506
2008,20,450.0,667,0.005809041900000871
2008,21,350.0,633,0.005512928819641006
2008,22,1500.0,626,0.005451964361919858
2008,23,166.0,622,0.005417127528936344
2008,24,2000.0,549,0.004781355326987224
2008,25,900.0,543,0.004729100077511953
2008,26,550.0,541,0.004711681661020197
2008,27,266.0,515,0.004485242246627359
2008,28,333.0,488,0.004250093623988643
2008,29,1200.0,475,0.004136873916792225
2008,30,375.0,451,0.003927852918891144
2008,31,650.0,444,0.003866888461169995
2008,32,666.0,441,0.00384076083643236
2008,33,225.0,437,0.0038059240034488463
2008,34,175.0,415,0.0036143214220395225
2008,35,125.0,399,0.0034749740901054687
2008,36,233.0,393,0.003422718840630198
2008,37,160.0,393,0.003422718840630198
2008,38,2500.0,374,0.003257243883958509
2008,39,120.0,368,0.003204988634483239
2008,40,325.0,364,0.0031701518014997255
2008,41,83.0,356,0.0031004781355326986
2008,42,275.0,346,0.003013386053073915
2008,43,50.0,331,0.0028827479293857395
2008,44,3000.0,329,0.0028653295128939827
2008,45,240.0,326,0.002839201888156348
2008,46,366.0,321,0.002795655846926956
2008,47,1100.0,318,0.0027695282221893206
2008,48,850.0,318,0.0027695282221893206
2008,49,133.0,313,0.002725982180959929
2008,50,425.0,308,0.002682436139730537
2009,1,465.0,5313,0.04509153250103966
2009,2,232.0,2266,0.01923158529029849
2009,3,0.0,1625,0.013791406044455006
2009,4,500.0,1507,0.012789937790149966
2009,5,400.0,1332,0.011304709446900965
2009,6,300.0,1324,0.011236813294066724
2009,7,600.0,1279,0.010854897434374124
2009,8,155.0,1227,0.010413572440951565
2009,9,200.0,1163,0.009870403218277644
2009,10,1000.0,1122,0.009522435435002164
2009,11,310.0,1010,0.008571889295322804
2009,12,250.0,912,0.007740161423103364
2009,13,700.0,859,0.007290349410576523
2009,14,800.0,821,0.006967842684613883
2009,15,750.0,777,0.0065944138440255625
2009,16,930.0,756,0.006416186442835683
2009,17,116.0,733,0.006220985003437243
2009,18,450.0,695,0.005898478277474603
2009,19,350.0,690,0.0058560431819532025
2009,20,150.0,659,0.005592945589720523
2009,21,1500.0,655,0.005558997513303403
2009,22,2000.0,649,0.005508075398677722
2009,23,100.0,647,0.005491101360469162
2009,24,266.0,626,0.005312873959279282
2009,25,900.0,621,0.005270438863757883
2009,26,550.0,544,0.004616938392728322
2009,27,333.0,543,0.004608451373624042
2009,28,1200.0,525,0.004455685029747002
2009,29,650.0,502,0.0042604835903485615
2009,30,666.0,488,0.004141665322888642
2009,31,233.0,474,0.004022847055428722
2009,32,166.0,461,0.003912515807073082
2009,33,375.0,441,0.0037427754249874817
2009,34,175.0,412,0.0034966518709633617
2009,35,1100.0,397,0.0033693465843991615
2009,36,325.0,386,0.0032759893742520816
2009,37,466.0,369,0.0031317100494793215
2009,38,366.0,363,0.0030807879348536413
2009,39,1250.0,360,0.0030553268775408014
2009,40,1300.0,346,0.002936508610080881
2009,41,2500.0,344,0.0029195345718723213
2009,42,125.0,339,0.002877099476350921
2009,43,3000.0,334,0.0028346643808295213
2009,44,433.0,328,0.002783742266203841
2009,45,275.0,327,0.002775255247099561
2009,46,225.0,326,0.0027667682279952813
2009,47,133.0,323,0.0027413071706824414
2009,48,425.0,317,0.0026903850560567612
2009,49,850.0,315,0.0026734110178482013
2009,50,160.0,308,0.002614001884118241
2011,1,545.0,5498,0.05164963174507741
2011,2,272.0,2081,0.019549451375319406
2011,3,0.0,1713,0.016092364346911168
2011,4,500.0,1456,0.013678039981963024
2011,5,1000.0,1346,0.0126446715767323
2011,6,400.0,1316,0.012362843829851195
2011,7,600.0,1233,0.011583120396813468
2011,8,300.0,1162,0.010916128062528183
2011,9,800.0,976,0.009168796031865325
2011,10,200.0,961,0.00902788215842477
2011,11,181.0,931,0.008746054411543665
2011,12,363.0,887,0.008332707049451375
2011,13,1500.0,872,0.008191793176010822
2011,14,700.0,828,0.007778445813918533
2011,15,750.0,819,0.007693897489854201
2011,16,1090.0,773,0.0072617616113031715
2011,17,900.0,714,0.006707500375770329
2011,18,2000.0,713,0.006698106117540959
2011,19,1200.0,675,0.006341124304824891
2011,20,250.0,604,0.005674131970539606
2011,21,450.0,550,0.0051668420261536145
2011,22,350.0,539,0.0050635051856305425
2011,23,666.0,507,0.004762888922290696
2011,24,136.0,495,0.0046501578235382535
2011,25,1100.0,478,0.00449045543363896
2011,26,650.0,473,0.0044434841424921085
2011,27,550.0,473,0.0044434841424921085
2011,28,3000.0,470,0.004415301367803998
2011,29,1250.0,468,0.004396512851345258
2011,30,150.0,467,0.004387118593115888
2011,31,333.0,463,0.004349541560198407
2011,32,2500.0,448,0.004208627686757853
2011,33,375.0,430,0.00403953103862919
2011,34,266.0,406,0.0038140688411243046
2011,35,233.0,404,0.0037952803246655642
2011,36,850.0,399,0.0037483090335187134
2011,37,100.0,372,0.0034946640613257177
2011,38,1300.0,351,0.003297384638508943
2011,39,215.0,329,0.0030907109574627987
2011,40,833.0,313,0.0029404028257928754
2011,41,1400.0,310,0.0029122200511047646
2011,42,533.0,309,0.0029028257928753946
2011,43,1600.0,305,0.002865248759957914
2011,44,950.0,291,0.002733729144746731
2011,45,817.0,290,0.0027243348865173605
2011,46,625.0,274,0.0025740267548474373
2011,47,325.0,274,0.0025740267548474373
2011,48,466.0,266,0.0024988726890124756
2011,49,572.0,260,0.0024425071396362544
2011,50,225.0,258,0.002423718623177514
2012,1,622.0,6267,0.05671390563066732
2012,2,311.0,2350,0.02126658341025502
2012,3,0.0,1758,0.015909214312863115
2012,4,1000.0,1585,0.014343631789469874
2012,5,500.0,1435,0.012986190295198277
2012,6,400.0,1222,0.01105862337333261
2012,7,600.0,1143,0.010343704186349568
2012,8,1500.0,1040,0.009411594360283071
2012,9,800.0,1011,0.009149155671390564
2012,10,207.0,1003,0.009076758791696077
2012,11,414.0,912,0.008253244285171308
2012,12,300.0,899,0.008135599355667772
2012,13,1244.0,895,0.008099400915820528
2012,14,2000.0,892,0.008072252085935096
2012,15,750.0,881,0.00797270637635518
2012,16,1200.0,816,0.007384481728837487
2012,17,700.0,771,0.006977249280556008
2012,18,200.0,733,0.006633364102007203
2012,19,900.0,724,0.006551917612350908
2012,20,250.0,595,0.005384517927277334
2012,21,3000.0,579,0.005239724167888364
2012,22,2500.0,562,0.005085880798537583
2012,23,1250.0,559,0.005058731968652151
2012,24,450.0,557,0.0050406327487285294
2012,25,1100.0,531,0.004805342889721453
2012,26,933.0,506,0.004579102640676187
2012,27,666.0,496,0.00448860654105808
2012,28,350.0,494,0.004470507321134459
2012,29,266.0,470,0.004253316682051003
2012,30,650.0,462,0.004180919802356519
2012,31,155.0,462,0.004180919802356519
2012,32,550.0,448,0.00405422526289117
2012,33,333.0,444,0.0040180268230439265
2012,34,466.0,422,0.0038189354038840927
2012,35,1300.0,406,0.0036741416444951223
2012,36,850.0,392,0.003547447105029773
2012,37,375.0,391,0.0035383974950679627
2012,38,1400.0,385,0.003484099835297099
2012,39,1600.0,378,0.0034207525655644243
2012,40,950.0,353,0.003194512316519158
2012,41,4000.0,334,0.003022569727244756
2012,42,1800.0,330,0.002986371287397513
2012,43,150.0,324,0.0029320736276266493
2012,44,100.0,312,0.0028234783080849216
2012,45,833.0,304,0.0027510814283904362
2012,46,3500.0,295,0.0026696349387341405
2012,47,1333.0,293,0.0026515357188105194
2012,48,5000.0,290,0.0026243868889250874
2012,49,233.0,290,0.0026243868889250874
2012,50,533.0,282,0.002551990009230602
2013,1,678.0,6042,0.054418215060930024
2013,2,339.0,2205,0.01985967630078628
2013,3,0.0,2165,0.019499410064037322
2013,4,1000.0,1778,0.01601383422349116
2013,5,500.0,1432,0.012897531275612677
2013,6,400.0,1247,0.01123129993064875
2013,7,600.0,1141,0.010276594403264012
2013,8,1500.0,1113,0.010024408037539742
2013,9,800.0,1066,0.009601095209359718
2013,10,2000.0,1027,0.009249835628529483
2013,11,452.0,943,0.008493276531356673
2013,12,1200.0,919,0.008277116789307298
2013,13,226.0,912,0.00821407019787623
2013,14,750.0,887,0.007988903799908131
2013,15,300.0,887,0.007988903799908131
2013,16,1356.0,869,0.007826783993371101
2013,17,700.0,855,0.007700690810508966
2013,18,900.0,838,0.007547577659890659
2013,19,2500.0,649,0.005845319691251835
2013,20,200.0,638,0.005746246476145872
2013,21,3000.0,632,0.005692206540633528
2013,22,666.0,578,0.0052058471210224356
2013,23,1100.0,561,0.005052733970404129
2013,24,450.0,543,0.004890614163867098
2013,25,1300.0,534,0.004809554260598582
2013,26,1400.0,525,0.004728494357330067
2013,27,250.0,525,0.004728494357330067
2013,28,1250.0,522,0.0047014743895738955
2013,29,333.0,468,0.004215114969962803
2013,30,350.0,447,0.0040259751956696
2013,31,650.0,440,0.003962928604238533
2013,32,550.0,426,0.003836835421376397
2013,33,850.0,411,0.003701735582595538
2013,34,375.0,407,0.0036657089589206423
2013,35,1600.0,402,0.003620675679327023
2013,36,4000.0,383,0.003449549216871268
2013,37,169.0,380,0.003422529249115096
2013,38,833.0,370,0.0033324626899278566
2013,39,266.0,370,0.0033324626899278566
2013,40,5000.0,361,0.0032514027866593414
2013,41,1800.0,353,0.00317934953930955
2013,42,950.0,343,0.00308928298012231
2013,43,1017.0,318,0.002864116582154212
2013,44,1050.0,305,0.002747030055210801
2013,45,150.0,304,0.002738023399292077
2013,46,100.0,299,0.002692990119698457
2013,47,1333.0,298,0.0026839834637797334
2013,48,625.0,297,0.0026749768078610093
2013,49,1750.0,293,0.0026389501841861136
2013,50,3500.0,290,0.002611930216429942
2014,1,724.0,6738,0.058581116327595203
2014,2,362.0,2303,0.0200226047643888
2014,3,1000.0,1910,0.01660580768561989
2014,4,500.0,1511,0.013136845765953748
2014,5,1500.0,1264,0.010989393149017562
2014,6,600.0,1179,0.010250391236306729
2014,7,400.0,1175,0.010215614675708572
2014,8,2000.0,1166,0.010137367414362719
2014,9,800.0,1031,0.008963658494174926
2014,10,1200.0,1019,0.008859328812380456
2014,11,1448.0,1007,0.008754999130585986
2014,12,241.0,945,0.008215962441314555
2014,13,482.0,905,0.007868196835332986
2014,14,750.0,900,0.00782472613458529
2014,15,900.0,883,0.007676925752043123
2014,16,300.0,805,0.006998782820379064
2014,17,0.0,782,0.006798817596939663
2014,18,700.0,774,0.006729264475743349
2014,19,2500.0,659,0.00572943835854634
2014,20,1100.0,649,0.0056424969570509475
2014,21,1400.0,645,0.005607720396452791
2014,22,3000.0,640,0.0055642496957050945
2014,23,1250.0,608,0.00528603721091984
2014,24,1300.0,568,0.0049382716049382715
2014,25,666.0,552,0.004799165362545644
2014,26,200.0,539,0.004686141540601634
2014,27,250.0,521,0.004529647017909929
2014,28,450.0,518,0.004503564597461311
2014,29,181.0,477,0.004147104851330204
2014,30,850.0,452,0.003929751347591723
2014,31,333.0,444,0.0038601982263954094
2014,32,650.0,436,0.003790645105199096
2014,33,4000.0,431,0.0037471744044513997
2014,34,1600.0,430,0.0037384802643018605
2014,35,550.0,422,0.0036689271431055467
2014,36,1800.0,408,0.003547209181011998
2014,37,1750.0,393,0.00341679707876891
2014,38,833.0,393,0.00341679707876891
2014,39,5000.0,379,0.003295079116675361
2014,40,1086.0,355,0.0030864197530864196
2014,41,3500.0,353,0.0030690314727873412
2014,42,350.0,352,0.003060337332637802
2014,43,862.0,333,0.002895148669796557
2014,44,950.0,331,0.0028777603894974786
2014,45,1333.0,324,0.0028169014084507044
2014,46,1050.0,323,0.002808207268301165
2014,47,375.0,309,0.002686489306207616
2014,48,725.0,307,0.0026691010259085376
2014,49,762.0,306,0.0026604068857589984
2014,50,266.0,303,0.002634324465310381
2015,1,788.0,7088,0.06130162162162162
2015,2,394.0,2481,0.021457297297297298
2015,3,1000.0,2030,0.017556756756756758
2015,4,500.0,1730,0.014962162162162162
2015,5,1500.0,1475,0.012756756756756757
2015,6,600.0,1337,0.011563243243243244
2015,7,400.0,1261,0.010905945945945947
2015,8,800.0,1178,0.010188108108108109
2015,9,262.0,1173,0.010144864864864865
2015,10,2000.0,1150,0.009945945945945946
2015,11,300.0,1094,0.009461621621621622
2015,12,1200.0,1088,0.00940972972972973
2015,13,525.0,1080,0.00934054054054054
2015,14,750.0,972,0.008406486486486486
2015,15,900.0,949,0.008207567567567568
2015,16,1576.0,934,0.008077837837837838
2015,17,700.0,777,0.00672
2015,18,2500.0,716,0.006192432432432432
2015,19,1100.0,714,0.006175135135135135
2015,20,3000.0,711,0.006149189189189189
2015,21,0.0,685,0.005924324324324324
2015,22,1250.0,664,0.005742702702702703
2015,23,450.0,619,0.005353513513513514
2015,24,666.0,610,0.005275675675675676
2015,25,1300.0,598,0.005171891891891892
2015,26,200.0,594,0.005137297297297297
2015,27,1400.0,564,0.004877837837837838
2015,28,250.0,521,0.004505945945945946
2015,29,1600.0,509,0.004402162162162162
2015,30,4000.0,487,0.004211891891891892
2015,31,197.0,478,0.004134054054054054
2015,32,650.0,476,0.004116756756756757
2015,33,550.0,455,0.003935135135135135
2015,34,333.0,442,0.0038227027027027028
2015,35,5000.0,419,0.0036237837837837837
2015,36,375.0,397,0.0034335135135135134
2015,37,1750.0,395,0.003416216216216216
2015,38,850.0,393,0.0033989189189189187
2015,39,833.0,392,0.00339027027027027
2015,40,350.0,387,0.003347027027027027
2015,41,1800.0,379,0.0032778378378378378
2015,42,1050.0,366,0.0031654054054054055
2015,43,950.0,355,0.00307027027027027
2015,44,625.0,355,0.00307027027027027
2015,45,1333.0,354,0.0030616216216216214
2015,46,3500.0,350,0.003027027027027027
2015,47,1150.0,343,0.0029664864864864865
2015,48,1166.0,321,0.002776216216216216
2015,49,100.0,305,0.002637837837837838
2015,50,266.0,300,0.0025945945945945945
2016,1,880.0,29376,0.1278434683459468
2016,2,1000.0,15070,0.06558418668210166
2016,3,1200.0,14480,0.06301652442978314
2016,4,1500.0,13277,0.057781104617004884
2016,5,2000.0,12586,0.0547738934028488
2016,6,3000.0,7788,0.033893141730604356
2016,7,900.0,6573,0.028605498278795896
2016,8,500.0,6177,0.026882118190799064
2016,9,2500.0,5937,0.025837645410194926
2016,10,800.0,5621,0.024462422915732807
2016,11,400.0,5589,0.02432315987831892
2016,12,300.0,5380,0.023413598165209482
2016,13,1300.0,5175,0.022521444331776778
2016,14,600.0,5098,0.022186342647999617
2016,15,1600.0,4726,0.0205674098380632
2016,16,1100.0,4612,0.020071285267276234
2016,17,200.0,4403,0.019161723554166794
2016,18,1800.0,4257,0.018526335945965942
2016,19,5000.0,3930,0.0171032417823928
2016,20,4000.0,3743,0.01628942340750541
2016,21,1400.0,3363,0.014635674838215517
2016,22,700.0,2430,0.010575286903616922
2016,23,3500.0,2294,0.009983418994607909
2016,24,100.0,2280,0.009922491415739334
2016,25,1700.0,2135,0.009291455777457667
2016,26,150.0,1906,0.008294854665964548
2016,27,6000.0,1679,0.007306957494309799
2016,28,250.0,1622,0.007058895208916316
2016,29,10000.0,1460,0.006353876082008521
2016,30,2200.0,1439,0.006262484713705659
2016,31,350.0,1321,0.005748952263241957
2016,32,950.0,1320,0.005744600293322772
2016,33,8000.0,1150,0.0050047654070615065
2016,34,7000.0,1021,0.004443361287486781
2016,35,2800.0,999,0.004347617949264734
2016,36,450.0,919,0.003999460355730021
2016,37,2300.0,908,0.0039515886866189984
2016,38,4500.0,870,0.003786213829690009
2016,39,2400.0,863,0.003755750040255722
2016,40,1900.0,848,0.003690470491467963
2016,41,650.0,777,0.003381480627205905
2016,42,440.0,770,0.0033510168377716173
2016,43,50.0,725,0.003155178191408341
2016,44,1760.0,712,0.00309860258245895
2016,45,2100.0,675,0.002937579695449145
2016,46,850.0,661,0.0028766521165805702
2016,47,120.0,656,0.0028548922669846505
2016,48,2600.0,552,0.002402287395389523
2016,49,1250.0,551,0.002397935425470339
2016,50,980.0,549,0.002389231485631971
2017,1,937.0,25903,0.11336849246121189
2017,2,1000.0,15211,0.06657329802831696
2017,3,1200.0,14491,0.06342210648401427
2017,4,1500.0,13926,0.06094929645272119
2017,5,2000.0,13322,0.05830579687944504
2017,6,3000.0,8280,0.03623870275948093
2017,7,500.0,6545,0.028645206468695977
2017,8,2500.0,6290,0.027529159463422107
2017,9,1300.0,5423,0.02373459964549095
2017,10,600.0,5375,0.023524520209204106
2017,11,300.0,5351,0.02341948049106068
2017,12,400.0,5296,0.023178764470315336
2017,13,800.0,5242,0.022942425104492636
2017,14,1100.0,4819,0.021091100072214805
2017,15,1800.0,4799,0.021003566973761954
2017,16,200.0,4507,0.01972558373635031
2017,17,1600.0,4246,0.018583276801540583
2017,18,5000.0,4110,0.017988051732061184
2017,19,4000.0,3989,0.017458476486421428
2017,20,1400.0,3889,0.017020810994157167
2017,21,900.0,2901,0.012696675930586253
2017,22,700.0,2584,0.01130927632010854
2017,23,3500.0,2362,0.01033765892728188
2017,24,100.0,2268,0.009926253364553472
2017,25,150.0,1965,0.008600126922992756
2017,26,1700.0,1961,0.008582620303302186
2017,27,6000.0,1801,0.007882355515679366
2017,28,250.0,1681,0.007357156924962251
2017,29,10000.0,1514,0.006626255552880933
2017,30,2200.0,1449,0.006341772982909163
2017,31,950.0,1332,0.005829704356959975
2017,32,350.0,1254,0.005488325272993851
2017,33,8000.0,1202,0.005260739217016435
2017,34,7000.0,1172,0.005129439569337156
2017,35,2800.0,1145,0.005011269886425805
2017,36,1900.0,1118,0.004893100203514454
2017,37,4500.0,1020,0.004464188021095477
2017,38,450.0,1000,0.004376654922642624
2017,39,2300.0,976,0.004271615204499201
2017,40,2400.0,750,0.0032824911919819683
2017,41,50.0,700,0.003063658445849837
2017,42,2100.0,686,0.00300238527693284
2017,43,650.0,656,0.0028710856292535614
2017,44,1250.0,623,0.002726656016806355
2017,45,940.0,616,0.0026960194323478563
2017,46,980.0,615,0.0026916427774252138
2017,47,750.0,598,0.0026172396437402893
2017,48,3200.0,596,0.0026084863338950042
2017,49,2600.0,579,0.0025340832002100793
2017,50,15000.0,573,0.0025078232706742237
2018,1,954.0,22844,0.10053028802781262
2018,2,1000.0,14508,0.06384579840253482
2018,3,1200.0,14449,0.06358615530178009
2018,4,1500.0,14363,0.06320769247695117
2018,5,2000.0,13776,0.06062446366096772
2018,6,3000.0,8621,0.037938697823838755
2018,7,500.0,6561,0.028873192950029707
2018,8,2500.0,6456,0.02841111624529672
2018,9,1300.0,5754,0.025321803419367614
2018,10,800.0,5517,0.024278830285827446
2018,11,300.0,5358,0.02357911413294607
2018,12,600.0,5313,0.023381081259489074
2018,13,400.0,5073,0.022324905934385107
2018,14,1800.0,4872,0.021440359099610534
2018,15,5000.0,4490,0.019759280040486722
2018,16,1100.0,4465,0.019649261777455056
2018,17,200.0,4254,0.01872070763746782
2018,18,1600.0,4227,0.018601887913393622
2018,19,4000.0,4139,0.01821462362752217
2018,20,1400.0,4060,0.017866965916342112
2018,21,700.0,2705,0.011903976060025964
2018,22,3500.0,2637,0.01160472638457984
2018,23,900.0,2434,0.010711378088762734
2018,24,100.0,2173,0.00956278742271217
2018,25,1700.0,2069,0.009105111448500451
2018,26,150.0,2047,0.009008295377032587
2018,27,6000.0,1923,0.008462604792395538
2018,28,250.0,1657,0.007292010473738641
2018,29,10000.0,1570,0.006909146918388453
2018,30,2200.0,1509,0.006640702356591194
2018,31,1900.0,1375,0.006051004466741479
2018,32,7000.0,1307,0.005751754791295355
2018,33,8000.0,1259,0.005540519726274561
2018,34,350.0,1218,0.0053600897749026336
2018,35,2800.0,1173,0.00516205690144564
2018,36,2300.0,1068,0.004699980196712654
2018,37,4500.0,1039,0.0045723590115959245
2018,38,450.0,1030,0.004532752436904527
2018,39,2400.0,809,0.003560190991704623
2018,40,957.0,797,0.0035073822254494246
2018,41,50.0,797,0.0035073822254494246
2018,42,950.0,768,0.0033797610403326953
2018,43,2100.0,761,0.0033489559266838293
2018,44,15000.0,656,0.0028868792219508437
2018,45,750.0,644,0.0028340704556956454
2018,46,650.0,628,0.002763658767355381
2018,47,1250.0,621,0.002732853653706515
2018,48,3200.0,615,0.002706449270578916
2018,49,120.0,601,0.0026448390432811846
2018,50,2600.0,579,0.002548022971813321
2019,1,998.0,22452,0.09969140598983194
2019,2,2000.0,15325,0.06804608929245387
2019,3,1500.0,15241,0.06767311235930111
2019,4,1000.0,15078,0.06694935950092135
2019,5,1200.0,13603,0.06040006216282219
2019,6,3000.0,9126,0.04052127966609684
2019,7,500.0,7043,0.0312723397642253
2019,8,2500.0,6858,0.030450902470972183
2019,9,1300.0,5719,0.025393512865484094
2019,10,800.0,5417,0.0240525719867682
2019,11,600.0,5371,0.02384832271385121
2019,12,300.0,5110,0.022689430100126546
2019,13,400.0,4847,0.021521657083231577
2019,14,1800.0,4810,0.021357369624580957
2019,15,5000.0,4705,0.02089114845814
2019,16,4000.0,4438,0.019705614634904424
2019,17,200.0,4367,0.019390360322358635
2019,18,1600.0,4231,0.018786492906777967
2019,19,1400.0,3876,0.01721022134404902
2019,20,1100.0,3829,0.017001531869546876
2019,21,700.0,2694,0.011961903070399396
2019,22,3500.0,2685,0.011921941256133028
2019,23,100.0,2279,0.010119219412561331
2019,24,1700.0,2173,0.009648558044535223
2019,25,6000.0,2047,0.009089092644806075
2019,26,900.0,1977,0.008778278533845437
2019,27,150.0,1781,0.007907999023155652
2019,28,10000.0,1650,0.007326332615500744
2019,29,250.0,1617,0.007179805963190729
2019,30,2200.0,1581,0.007019958706125258
2019,31,8000.0,1375,0.006105277179583953
2019,32,7000.0,1320,0.005861066092400595
2019,33,1900.0,1182,0.005248318273649624
2019,34,2800.0,1131,0.005021867992806873
2019,35,4500.0,1105,0.004906422751592922
2019,36,350.0,1097,0.004870901138911706
2019,37,2300.0,1003,0.004453522189907422
2019,38,450.0,845,0.003751970339453411
2019,39,2400.0,818,0.003632084896654308
2019,40,50.0,761,0.003378993406300646
2019,41,2100.0,733,0.003254667761916391
2019,42,15000.0,677,0.003006016473147881
2019,43,1250.0,663,0.0029438536509557535
2019,44,2600.0,654,0.0029038918366893858
2019,45,3200.0,633,0.0028106476034011943
2019,46,650.0,627,0.0027840063938902827
2019,47,750.0,569,0.0025264747019514686
2019,48,120.0,560,0.002486512887685101
2019,49,12000.0,555,0.002464311879759341
2019,50,2700.0,520,0.0023089048242790223
2020,1,1045.0,15197,0.11445851189624397
2020,2,1500.0,9212,0.06938157607344866
2020,3,2000.0,9141,0.0688468287980237
2020,4,1200.0,7493,0.056434666686751074
2020,5,3000.0,5732,0.04317142792585842
2020,6,1000.0,5679,0.04277225038223133
2020,7,2500.0,4379,0.03298110308571773
2020,8,500.0,3796,0.02859015010581971
2020,9,1300.0,3382,0.025472046274468453
2020,10,600.0,3362,0.025321413239137475
2020,11,800.0,3280,0.024703817794280464
2020,12,5000.0,3133,0.02359666498459777
2020,13,4000.0,2942,0.022158119497186927
2020,14,1800.0,2933,0.022090334631287987
2020,15,1600.0,2786,0.020983181821605298
2020,16,300.0,2712,0.020425839590880675
2020,17,400.0,2491,0.018761344550473364
2020,18,1400.0,2446,0.018422420220978664
2020,19,1100.0,2228,0.016780520135871
2020,20,200.0,1999,0.015055771881331295
2020,21,3500.0,1736,0.013074947466728928
2020,22,700.0,1503,0.01132007260512303
2020,23,1700.0,1449,0.010913363409729388
2020,24,6000.0,1366,0.010288236313105827
2020,25,10000.0,1205,0.00907564037869145
2020,26,900.0,1102,0.008299880246736911
2020,27,2200.0,1031,0.007765132971311938
2020,28,100.0,916,0.006898993018158812
2020,29,8000.0,869,0.0065450053851310135
2020,30,7000.0,861,0.006484752170998621
2020,31,150.0,801,0.006032853065005686
2020,32,4500.0,797,0.006002726457939491
2020,33,250.0,789,0.0059424732438071
2020,34,2800.0,740,0.005573422307246202
2020,35,2300.0,659,0.00496335851415574
2020,36,2100.0,657,0.004948295210622642
2020,37,1900.0,636,0.004790130523525114
2020,38,350.0,591,0.0044512061940304125
2020,39,2090.0,496,0.0037356992762082653
2020,40,15000.0,486,0.003660382758542776
2020,41,2400.0,478,0.0036001295444103845
2020,42,3200.0,392,0.0029524074924871775
2020,43,12000.0,387,0.002914749233654433
2020,44,2600.0,371,0.00279424280538965
2020,45,1250.0,365,0.0027490528947903565
2020,46,20000.0,334,0.00251557169002734
2020,47,450.0,312,0.002349875351163264
2020,48,2700.0,311,0.002342343699396715
2020,49,750.0,307,0.002312217092330519
2020,50,650.0,303,0.002282090485264323
2021,1,1100.0,26323,0.15272991006672468
2021,2,2000.0,11203,0.06500145053669858
2021,3,1500.0,11178,0.06485639686684073
2021,4,1200.0,8063,0.046782709602552944
2021,5,3000.0,7214,0.04185668697418045
2021,6,1000.0,5966,0.034615607774876704
2021,7,2500.0,5488,0.03184218160719466
2021,8,500.0,4902,0.02844212358572672
2021,9,800.0,4452,0.025831157528285464
2021,10,600.0,4416,0.025622280243690166
2021,11,1300.0,4293,0.024908616187989556
2021,12,1600.0,4159,0.024131128517551493
2021,13,1800.0,3907,0.022668987525384394
2021,14,300.0,3885,0.022541340295909488
2021,15,5000.0,3817,0.022146794313896143
2021,16,4000.0,3552,0.02060922541340296
2021,17,400.0,3342,0.01939077458659704
2021,18,2200.0,3240,0.018798955613577025
2021,19,1400.0,3136,0.018195532346968378
2021,20,200.0,2689,0.015601972729910067
2021,21,3500.0,2202,0.012776327241079199
2021,22,700.0,2015,0.0116913257905425
2021,23,1700.0,1888,0.010954453147664635
2021,24,6000.0,1634,0.009480707861908907
2021,25,900.0,1387,0.008047577603713375
2021,26,100.0,1315,0.0076298230345227735
2021,27,10000.0,1274,0.007391935015955904
2021,28,250.0,1150,0.006672468813460981
2021,29,150.0,1140,0.006614447345517842
2021,30,8000.0,1048,0.006080649840440963
2021,31,7000.0,989,0.005738323179576443
2021,32,2800.0,951,0.0055178416013925155
2021,33,4500.0,933,0.0054134029590948655
2021,34,2300.0,930,0.005395996518711923
2021,35,550.0,870,0.00504786771105309
2021,36,1900.0,849,0.004926022628372498
2021,37,2100.0,816,0.00473455178416014
2021,38,350.0,808,0.004688134609805628
2021,39,2400.0,784,0.0045488830867420945
2021,40,3300.0,658,0.0038178125906585436
2021,41,1650.0,618,0.0035857267188859876
2021,42,2600.0,587,0.003405860168262257
2021,43,15000.0,576,0.003342036553524804
2021,44,3200.0,550,0.003191180736872643
2021,45,1250.0,489,0.002837249782419495
2021,46,5500.0,482,0.002796634754859298
2021,47,750.0,479,0.0027792283144763563
2021,48,450.0,458,0.0026573832317957646
2021,49,12000.0,429,0.0024891209747606616
2021,50,20000.0,409,0.0023730780388743836
2022,1,1212.0,30017,0.14623036751237384
2022,2,2000.0,14089,0.06863576133130675
2022,3,1500.0,12562,0.061196851007443785
2022,4,3000.0,9887,0.0481653610818816
2022,5,2500.0,7747,0.037740169141431856
2022,6,1000.0,6414,0.031246346311235823
2022,7,1200.0,6186,0.030135624926926223
2022,8,1800.0,5843,0.028464671265442925
2022,9,5000.0,5666,0.027602400717097315
2022,10,600.0,5477,0.026681671148524884
2022,11,4000.0,5148,0.02507891967730621
2022,12,800.0,4970,0.024211777543941698
2022,13,1300.0,4892,0.02383179391246736
2022,14,1600.0,4876,0.023753848552164933
2022,15,500.0,4585,0.022336217311664523
2022,16,300.0,3767,0.01835126076620289
2022,17,400.0,3628,0.017674110448575548
2022,18,1400.0,3580,0.017440274367668266
2022,19,3500.0,3119,0.015194473673954557
2022,20,200.0,2791,0.013596593787754784
2022,21,6000.0,2596,0.012646634709068943
2022,22,1700.0,2462,0.011993842316536107
2022,23,10000.0,2123,0.010342374995128415
2022,24,2400.0,2060,0.010035465138937605
2022,25,700.0,2036,0.009918547098483962
2022,26,2200.0,2017,0.00982598698312483
2022,27,7000.0,1618,0.007882224560583032
2022,28,8000.0,1577,0.0076824895748080595
2022,29,4500.0,1400,0.00682021902646245
2022,30,900.0,1365,0.006649713550800888
2022,31,2800.0,1343,0.00654253868038505
2022,32,100.0,1341,0.006532795510347246
2022,33,2424.0,1225,0.0059676916481546435
2022,34,1900.0,1184,0.005767956662379672
2022,35,2300.0,1174,0.005719240812190655
2022,36,150.0,1074,0.00523208231030048
2022,37,250.0,1027,0.005003117814412097
2022,38,15000.0,892,0.0043454538368603605
2022,39,2100.0,856,0.004170076776179898
2022,40,2600.0,786,0.0038290658248567753
2022,41,1100.0,761,0.0037072761993842316
2022,42,350.0,712,0.003468568533458046
2022,43,3200.0,705,0.003434467438325734
2022,44,12000.0,704,0.003429595853306832
2022,45,20000.0,639,0.003112942827078218
2022,46,1250.0,622,0.0030301258817568883
2022,47,3600.0,613,0.002986281616586773
2022,48,2700.0,565,0.0027524455356794887
2022,49,9000.0,547,0.002664757005339257
2022,50,650.0,523,0.002547838964885615
2023,1,1320.0,29431,0.14582724295291372
2023,2,2000.0,15244,0.0755322786033168
2023,3,1500.0,11050,0.05475148770445097
2023,4,3000.0,10981,0.054409600586658474
2023,5,2500.0,8542,0.04232463420555839
2023,6,5000.0,6287,0.031151366805238306
2023,7,1000.0,5839,0.028931577982469613
2023,8,1800.0,5761,0.028545096892791135
2023,9,4000.0,5699,0.028237893975354398
2023,10,1600.0,5279,0.02615684195400875
2023,11,600.0,4648,0.02303030903622517
2023,12,800.0,4616,0.02287175269174169
2023,13,500.0,4041,0.020022693376804197
2023,14,1400.0,3693,0.018298393130546375
2023,15,300.0,3693,0.018298393130546375
2023,16,3500.0,3432,0.01700516794585301
2023,17,1200.0,3108,0.015399784957957794
2023,18,400.0,3021,0.014968709896393338
2023,19,6000.0,2687,0.013313778050847038
2023,20,1700.0,2545,0.012610184272201605
2023,21,1300.0,2542,0.012595319614906278
2023,22,10000.0,2484,0.012307936240529975
2023,23,200.0,2282,0.01130704931597802
2023,24,700.0,2156,0.010682733709574326
2023,25,2200.0,1981,0.009815628700680305
2023,26,8000.0,1908,0.009453922039827372
2023,27,7000.0,1740,0.008621501231289113
2023,28,2600.0,1731,0.008576907259403134
2023,29,2800.0,1585,0.007853493937697267
2023,30,1900.0,1584,0.007848539051932158
2023,31,4500.0,1440,0.007135035501756507
2023,32,2300.0,1395,0.006912065642326616
2023,33,2640.0,1202,0.00595577268966064
2023,34,900.0,1199,0.0059409080323653135
2023,35,2400.0,1182,0.005856674974358466
2023,36,100.0,1146,0.005678299086814553
2023,37,15000.0,1139,0.005643614886458793
2023,38,2100.0,977,0.0048409233925111855
2023,39,150.0,951,0.00471209636261836
2023,40,250.0,861,0.004266156643758578
2023,41,12000.0,777,0.0038499462394894486
2023,42,20000.0,749,0.0037112094380664052
2023,43,3200.0,738,0.00365670569465021
2023,44,350.0,734,0.0036368861515897752
2023,45,2700.0,709,0.003513014007462058
2023,46,1350.0,681,0.0033742772060390146
2023,47,650.0,602,0.0029828412305954286
2023,48,9000.0,589,0.0029184277156490157
2023,49,3800.0,552,0.0027350969423399945
2023,50,5500.0,545,0.0027004127419842337
2024,1,1412.0,27808,0.13352155416630654
2024,2,2000.0,16374,0.07862061018121057
2024,3,3000.0,12588,0.06044193483333814
2024,4,1500.0,9986,0.0479482968895547
2024,5,2500.0,9196,0.04415507091892099
2024,6,5000.0,7353,0.03530581083806286
2024,7,4000.0,6288,0.030192158105499696
2024,8,1000.0,5950,0.028569233576291857
2024,9,1800.0,5916,0.028405980812998763
2024,10,1600.0,5148,0.02471838898331941
2024,11,800.0,4811,0.02310026600597313
2024,12,600.0,4373,0.020997186290609125
2024,13,500.0,3991,0.01916299347949257
2024,14,3500.0,3965,0.01903815313109197
2024,15,300.0,3407,0.016358887192340566
2024,16,6000.0,3265,0.01567706682799881
2024,17,1200.0,3198,0.015355362853274178
2024,18,2800.0,3030,0.01454870214053182
2024,19,10000.0,2909,0.013967714365282859
2024,20,400.0,2825,0.013564384008911681
2024,21,1700.0,2580,0.012388003802829074
2024,22,700.0,2333,0.011202020493023344
2024,23,200.0,2235,0.010731468410590302
2024,24,2200.0,2206,0.010592223406605015
2024,25,7000.0,2112,0.01014087753161822
2024,26,8000.0,2109,0.010126472876033535
2024,27,1400.0,2109,0.010126472876033535
2024,28,1420.0,2037,0.009780761142001096
2024,29,4500.0,1735,0.008330692479809474
2024,30,2300.0,1569,0.007533634870790239
2024,31,1900.0,1560,0.007490420904036185
2024,32,2100.0,1507,0.007235938655373417
2024,33,2400.0,1407,0.0067557834692172514
2024,34,15000.0,1259,0.006045153793706126
2024,35,900.0,1224,0.005877099478551468
2024,36,2600.0,1118,0.005368134981225932
2024,37,100.0,1005,0.004825559620869465
2024,38,1300.0,1000,0.0048015518615616565
2024,39,2824.0,997,0.004787147205976972
2024,40,3200.0,899,0.00431659512354393
2024,41,12000.0,874,0.004196556327004888
2024,42,20000.0,866,0.004158143912112395
2024,43,250.0,837,0.004018898908127106
2024,44,150.0,792,0.003802829074356832
2024,45,2700.0,768,0.003687591829679352
2024,46,350.0,677,0.0032506506102772414
2024,47,9000.0,668,0.0032074366435231867
2024,48,5500.0,623,0.002991366809752912
2024,49,3800.0,569,0.0027320830092285825
2024,50,4200.0,524,0.002516013175458308
2025,1,1518.0,30077,0.139677984126763
2025,2,2000.0,17726,0.08231977745888887
2025,3,3000.0,15622,0.07254877374832235
2025,4,2500.0,10517,0.04884108651332135
2025,5,5000.0,8730,0.040542234977778396
2025,6,4000.0,7361,0.034184580947471566
2025,7,1800.0,6024,0.02797553533861822
2025,8,1500.0,5999,0.027859435009357687
2025,9,1000.0,5884,0.02732537349475923
2025,10,1600.0,5389,0.025026586975400663
2025,11,3500.0,4625,0.02147856091319875
2025,12,800.0,4584,0.021288156373211475
2025,13,6000.0,3911,0.018162735509517906
2025,14,500.0,3799,0.017642606034430713
2025,15,600.0,3756,0.017442913468102596
2025,16,10000.0,3537,0.01642587458378032
2025,17,300.0,3178,0.014758673855599055
2025,18,1200.0,3101,0.01440108484147661
2025,19,2200.0,2790,0.01295679674547557
2025,20,400.0,2671,0.012404159178195429
2025,21,1700.0,2516,0.01168433713678012
2025,22,7000.0,2469,0.011466068517770316
2025,23,8000.0,2463,0.011438204438747789
2025,24,4500.0,2345,0.010890210884638069
2025,25,2800.0,2229,0.010351505356869193
2025,26,200.0,1992,0.009250874235479331
2025,27,700.0,1958,0.009092977787685006
2025,28,2300.0,1721,0.007992346666295145
2025,29,1900.0,1686,0.007829806205330398
2025,30,15000.0,1591,0.00738862495414037
2025,31,2400.0,1431,0.006645582846872953
2025,32,2100.0,1322,0.006139385411297027
2025,33,900.0,1258,0.00584216856839006
2025,34,3200.0,1184,0.0054985115937788796
2025,35,2600.0,1165,0.0054102753435408745
2025,36,20000.0,1097,0.005094482447952222
2025,37,12000.0,1097,0.005094482447952222
2025,38,1400.0,944,0.004383948432877756
2025,39,9000.0,883,0.004100663629482053
2025,40,2700.0,878,0.004077443563629947
2025,41,100.0,871,0.004044935471436997
2025,42,3036.0,850,0.003947411194858148
2025,43,1300.0,784,0.003640906325610339
2025,44,750.0,780,0.003622330272928654
2025,45,3800.0,710,0.0032972493509991594
2025,46,250.0,684,0.0031765050085682043
2025,47,150.0,678,0.0031486409295456764
2025,48,5500.0,668,0.003102200797841463
2025,49,350.0,591,0.0027446117837190186
2025,50,6500.0,557,0.002586715335924693
