year,total,income_n,income_n_missing,income_n_zero,income_n_positive,income_zero_fraction,income_missing_fraction,income_sum,income_xmin,income_xmax,income_mean,income_median,income_std,income_gini,income_pietra,income_k,income_zanardi,income_legacy_z,income_top_10_share,income_top_1_share,income_top_0_1_share,income_herfindahl,income_herfindahl_normalized,income_shannon_entropy,income_shannon_inequality,income_theil,income_atkinson_0.5,income_gini_poor,income_gini_rich,income_delta_gini,income_kolkata_excess,income_pietra_over_kolkata_excess,income_pietra_over_gini,income_kolkata_small_g_prediction,income_pietra_small_g_prediction,income_adj_n,income_adj_n_missing,income_adj_n_zero,income_adj_n_positive,income_adj_zero_fraction,income_adj_missing_fraction,income_adj_sum,income_adj_xmin,income_adj_xmax,income_adj_mean,income_adj_median,income_adj_std,income_adj_gini,income_adj_pietra,income_adj_k,income_adj_zanardi,income_adj_legacy_z,income_adj_top_10_share,income_adj_top_1_share,income_adj_top_0_1_share,income_adj_herfindahl,income_adj_herfindahl_normalized,income_adj_shannon_entropy,income_adj_shannon_inequality,income_adj_theil,income_adj_atkinson_0.5,income_adj_gini_poor,income_adj_gini_rich,income_adj_delta_gini,income_adj_kolkata_excess,income_adj_pietra_over_kolkata_excess,income_adj_pietra_over_gini,income_adj_kolkata_small_g_prediction,income_adj_pietra_small_g_prediction
1976,148387,148387,0,0,148387,0.0,0.0,328015324.0,1.0,405544.0,2210.5394946996703,1000.0,5429.8406754534,0.6136927360052815,0.46448923188940094,0.7307410953776157,0.041033821832468106,-0.094103666397958,0.5100221872561052,0.1657762672087847,0.04798937866085795,4.740020777151821e-05,4.066134696394723e-05,11.072396207253389,0.07013875761059352,0.8351827975466638,0.3164330710721719,0.3228027164139302,0.4507877965305012,0.127985080116571,0.46148219075523134,1.0065160502277422,0.7568758837083636,0.7301347760019805,0.46026955200396114,148387,0,0,148387,0.0,0.0,163217662.04195473,0.49759157606293647,201795.27812286752,1099.945831116976,497.5915760629364,2701.8429794694966,0.6136927360052817,0.46448923188942204,0.7307410953775938,0.041033821832505084,-0.09410366639793057,0.5100221872562196,0.16577626720884286,0.047989378660916904,4.740020777151821e-05,4.066134696394723e-05,11.072396207253389,0.07013875761059352,0.8351827975466638,0.31643307107217167,0.32280271641401775,0.45078779653069756,0.1279850801166798,0.4614821907551876,1.0065160502278834,0.7568758837083978,0.7301347760019806,0.4602695520039613
1977,192959,192959,0,0,192959,0.0,0.0,607705098.0,1.0,692500.0,3149.400121269285,1300.0,9574.306100144884,0.6331139745324665,0.4794903292095212,0.7386463443787745,0.042488483150874404,-0.08804418516955399,0.5320929593386428,0.18894951248212177,0.06709569844681362,5.307761004328666e-05,4.789541017393708e-05,11.229699314721454,0.07728148627765485,0.9405336953648478,0.34069411985393083,0.3339099218877767,0.4732538325446427,0.13934391065686602,0.47729268875754904,1.004604387420417,0.7573523070053995,0.7374177404496749,0.4748354808993499,192959,0,0,192959,0.0,0.0,215300923.10126054,0.35428520150617615,245342.50204302697,1115.7858565874644,460.57076195802904,3392.034965971641,0.633113974532467,0.47949032920965395,0.7386463443789062,0.042488483150995265,-0.088044185169565,0.5320929593389094,0.18894951248228098,0.06709569844698293,5.307761004328664e-05,4.789541017393706e-05,11.229699314721453,0.07728148627765508,0.9405336953648477,0.34069411985393094,0.33390992188734364,0.4732538325446515,0.13934391065730783,0.4772926887578124,1.0046043874201407,0.7573523070056085,0.7374177404496751,0.47483548089935024
1978,215695,215695,0,0,215695,0.0,0.0,942934675.0,1.0,830000.0,4371.611187092886,2000.0,9782.350359726359,0.6190917906189892,0.46810061477744735,0.7331543871957512,0.03142197828617784,-0.09632070691002645,0.509639992823469,0.1546607584454358,0.040439725053063036,2.7850779975627318e-05,2.3214711521150028e-05,11.46175366289127,0.06675560271081837,0.8198669888742406,0.32015433770352875,0.34075492564539556,0.440188503034448,0.09943357738905245,0.4663087743915024,1.0038426049097686,0.7561085801338511,0.732159421482121,0.4643188429642419,215695,0,0,215695,0.0,0.0,241344978.4000098,0.25595089967394596,212439.24672937515,1118.917816361111,511.90179934789194,2503.8013754977105,0.6190917906189888,0.46810061477771986,0.7331543871959001,0.03142197828640588,-0.09632070690999799,0.5096399928240154,0.15466075844598026,0.0404397250536177,2.785077997562732e-05,2.321471152115003e-05,11.46175366289127,0.06675560271081837,0.819866988874241,0.3201543377035285,0.3407549256452901,0.4401885030350994,0.09943357738980929,0.4663087743918002,1.003842604909712,0.7561085801342917,0.7321594214821208,0.4643188429642416
1979,171371,171371,0,0,171371,0.0,0.0,1721207712.0,1.0,1029998.0,10043.751346493864,3000.0,58426.34168721229,0.7288355532327915,0.566076183788813,0.7794482264194571,0.06498071562418689,-0.05354310205690975,0.6524295267624272,0.40059629479512804,0.09959334218286497,0.00020329824195360776,0.00019746410119526005,10.30339352438582,0.14505912670412935,1.7481925515791186,0.48649930009053055,0.3565231212556323,0.6320197012453158,0.2754965799896835,0.5588964528389142,1.0128462632271673,0.776685743825133,0.7733133324622968,0.5466266649245937,171371,0,0,171371,0.0,0.0,260532431.5973433,0.1513660610401351,155906.7401392171,1520.2830793853295,454.0981831204054,8843.765202178367,0.7288355532327921,0.5660761837885986,0.7794482264193848,0.06498071562412472,-0.05354310205692109,0.6524295267622234,0.40059629479492864,0.0995933421826588,0.00020329824195360782,0.00019746410119526013,10.303393524385822,0.14505912670412924,1.748192551579119,0.48649930009053055,0.35652312125576996,0.6320197012451254,0.27549657998935545,0.5588964528387697,1.0128462632270456,0.7766857438248381,0.773313332462297,0.5466266649245941
1981,479110,472198,6912,0,472198,0.0,0.014426749598213355,4834423856.187634,0.09090909090909091,830000.0,10238.12861593576,5000.0,17716.634593001138,0.588486655721123,0.44180024835598664,0.7205455417455862,0.022066752388014296,-0.10897006526325484,0.47029748235265734,0.12589107111681486,0.027128340915363647,8.45931751038932e-06,6.34157525306348e-06,12.374811865337033,0.052838399021514104,0.6903418027941117,0.28466426606220996,0.33375498407536636,0.3982464967072476,0.06449151263188124,0.4410910834911723,1.0016077515310475,0.7507396201101808,0.7206824958954211,0.44136499179084226,472198,6912,0,472198,0.0,0.014426749598213355,159921173.77980775,0.003007243253367068,27456.13090324133,338.6739752811485,165.39837893518873,586.0605283738952,0.5884866557211235,0.4418002483560832,0.7205455417456132,0.022066752388119316,-0.10897006526322639,0.47029748235282653,0.12589107111701903,0.027128340915561266,8.45931751038932e-06,6.34157525306348e-06,12.374811865337033,0.052838399021514104,0.6903418027941116,0.2846642660622102,0.3337549840753021,0.3982464967074941,0.06449151263219205,0.4410910834912265,1.0016077515311435,0.7507396201103443,0.7206824958954213,0.4413649917908426
1982,206845,206845,0,0,206845,0.0,0.0,10204981737.0,1.0,5150000.0,49336.371374700866,25000.0,88324.41086880892,0.5898439323148561,0.44197560748809456,0.7204863199960878,0.026502594490490868,-0.10688260683214772,0.4757140923044064,0.12898897126169362,0.02789312066752192,2.0329123434920693e-05,1.5494660405407797e-05,11.535740907168265,0.05751633246277754,0.7039840923237529,0.2889110089998247,0.33080512434665726,0.4084292462764805,0.07762412192982321,0.4409726399921756,1.002274443820226,0.7493094075810038,0.721191474618071,0.4423829492361421,206845,0,0,206845,0.0,0.0,167590895.21663922,0.016422459102401747,84575.664377369,810.2245411619291,410.56147756004367,1450.5040252367428,0.5898439323148561,0.4419756074881367,0.7204863199960962,0.026502594490520497,-0.10688260683214089,0.47571409230441075,0.12898897126164066,0.027893120667474514,2.03291234349207e-05,1.5494660405407807e-05,11.535740907168265,0.05751633246277754,0.703984092323753,0.2889110089998247,0.3308051243465719,0.4084292462764833,0.07762412192991142,0.4409726399921925,1.002274443820283,0.7493094075810752,0.721191474618071,0.4423829492361421
1983,508216,499797,8419,3,499794,6.002436989417704e-06,0.01656579092354432,21847634129.00498,5.0,7000000.0,43713.015742401374,20428.571428571428,81150.83862496793,0.5984475364064354,0.45192795088666077,0.7255842192606875,0.02168100371519114,-0.10603330848091104,0.4788964464965827,0.13248846452116947,0.030577189627159274,8.896379160771625e-06,6.895580627728465e-06,12.399176404530333,0.05508178956740484,0.7227808904336827,0.29441785290679445,0.33725821772341996,0.4024223409215477,0.06516412319812775,0.451168438521375,1.0016834341687884,0.755167200788231,0.7244178261524132,0.4488356523048266,499797,8419,3,499794,6.002436989417704e-06,0.01656579092354432,100598147.52274218,0.023022663902355404,32231.729463297568,201.27801391913553,94.06402680105208,373.6616966113836,0.5984475364064352,0.45192795088660254,0.725584219260646,0.021681003715102502,-0.1060333084809258,0.47889644649646923,0.13248846452103713,0.030577189627028822,8.896379160771625e-06,6.895580627728465e-06,12.39917640453033,0.05508178956740517,0.7227808904336829,0.2944178529067947,0.3372582177235193,0.4024223409213745,0.0651641231978552,0.45116843852129196,1.0016834341688436,0.7551672007881339,0.7244178261524132,0.4488356523048264
1984,511389,504543,6846,33,504510,6.540572359541209e-05,0.013387069334694333,62435643305.11872,2.5,9999998.0,123746.92207625261,60000.0,213075.30715878782,0.5907641612179759,0.44505261498723514,0.7221229118194434,0.024184741006162098,-0.10733887123456311,0.47411982989107937,0.12635455451939992,0.025614284346508254,7.858216253035619e-06,5.876236275583302e-06,12.435780021193828,0.05297438845979918,0.6956283268537208,0.28622595974251164,0.3294875133109905,0.40068943544032254,0.07120192212933202,0.44424582363888687,1.001816092139572,0.7533507348679921,0.721536560456741,0.44307312091348194,504543,6846,33,504510,6.540572359541209e-05,0.013387069334694333,87732006.18258373,0.003512897502867209,14051.587201150835,173.88410141966835,84.30954006881302,299.40468577630776,0.5907641612179759,0.44505261498707505,0.7221229118193508,0.02418474100606539,-0.10733887123455124,0.4741198298908925,0.12635455451926036,0.025614284346361815,7.858216253035619e-06,5.876236275583302e-06,12.435780021193828,0.05297438845979918,0.6956283268537208,0.28622595974251175,0.3294875133111678,0.4006894354402005,0.0712019221290327,0.4442458236387017,1.0018160921396293,0.7533507348677211,0.721536560456741,0.44307312091348194
1985,519783,514137,5646,0,514137,0.0,0.010862225197822938,243010427915.47827,4.0,75000000.0,472656.95313793456,223333.33333333334,900141.4286116081,0.6020969269730709,0.45355558839800614,0.7264272010686054,0.02241790692054757,-0.10477631339001031,0.48381655609752516,0.13734837166333302,0.0329598601468597,8.999238162819157e-06,7.054245007774894e-06,12.410638374637212,0.05624280526100889,0.7396066712504032,0.2992855737727639,0.3415294076896976,0.40944921741179635,0.06791980972209877,0.45285440213721073,1.0015483701990888,0.7532933122216244,0.7257863476149016,0.4515726952298032,514137,5646,0,514137,0.0,0.010862225197822938,97686971.40068725,0.0016079469879319557,30149.00602372417,190.0018310308094,89.7770401595342,361.8449247122007,0.6020969269730709,0.45355558839791854,0.7264272010685632,0.022417906920512383,-0.10477631339000287,0.483816556097423,0.13734837166333014,0.03295986014687036,8.999238162819154e-06,7.054245007774891e-06,12.410638374637212,0.05624280526100889,0.7396066712504028,0.2992855737727642,0.3415294076897838,0.40944921741176943,0.06791980972198564,0.45285440213712636,1.001548370199082,0.753293312221479,0.7257863476149016,0.4515726952298032
1986,287320,284142,3178,0,284142,0.0,0.011060838089934568,377677011.030303,0.16666666666666666,334666.6666666667,1329.1840383692063,652.25,2830.9573725994533,0.5930790055733721,0.44469545804926214,0.721918005548659,0.024300114921456353,-0.10680111697482676,0.4754459450184656,0.13895164120429826,0.037182041241290764,1.9484019356535257e-05,1.5964708465179756e-05,11.827511709110063,0.05811136041912812,0.729717683074933,0.29158701584530466,0.3358144342951111,0.4076038030803812,0.07178936878527009,0.4438360110973181,1.0019364065340692,0.7498081265232834,0.7224046270900145,0.4448092541800291,284142,3178,0,284142,0.0,0.011060838089934568,80438704.98606908,0.03549713231006227,71278.24167860505,283.0933300464876,138.9180272954287,602.9452105158542,0.5930790055733719,0.44469545804928085,0.7219180055486722,0.02430011492144605,-0.10680111697483846,0.4754459450184376,0.13895164120433368,0.037182041241316854,1.9484019356535253e-05,1.596470846517975e-05,11.827511709110063,0.05811136041912812,0.7297176830749329,0.29158701584530433,0.335814434295099,0.4076038030803407,0.07178936878524173,0.4438360110973445,1.0019364065340517,0.7498081265233153,0.7224046270900144,0.4448092541800289
1987,296508,292615,3893,0,292615,0.0,0.013129493976553752,1170646308.2379508,3.0,500000.0,4000.636700914002,1916.6666666666667,7741.134848936022,0.6046304992950189,0.45396419217544515,0.7267185094855623,0.019125354224481233,-0.1054704283178042,0.483846908671026,0.13988360879311534,0.03390413751563148,1.621283328175254e-05,1.2795417207447421e-05,11.83895514648016,0.0594010384263548,0.747657884298972,0.3027741999663407,0.35153728492378367,0.40976410845030825,0.058226823526524585,0.45343701897112454,1.0011626161567417,0.7508125916650812,0.7267364372356321,0.45347287447126416,292615,3893,0,292615,0.0,0.013129493976553752,66363769.909363315,0.1700695661251953,28344.927687532545,226.79551598299238,108.65555613554145,438.8438150250594,0.6046304992950189,0.4539641921753865,0.7267185094855458,0.01912535422446215,-0.10547042831780436,0.48384690867099756,0.13988360879304862,0.03390413751556476,1.6212833281752532e-05,1.2795417207447411e-05,11.838955146480156,0.059401038426355024,0.7476578842989715,0.3027741999663406,0.3515372849237738,0.4097641084502381,0.0582268235264643,0.4534370189710917,1.001162616156685,0.7508125916649842,0.7267364372356321,0.45347287447126416
1988,293627,289633,3994,0,289633,0.0,0.013602291342417422,8653468081.95168,2.5,4500000.0,29877.355418587245,13333.333333333334,62085.83170904581,0.6245229030230623,0.4717852816703003,0.7354975364206187,0.02082045672608121,-0.09890036247134054,0.5069927590632928,0.14986604367576328,0.036480405217531264,1.836173597352584e-05,1.4909142205350959e-05,11.764226836988133,0.0645769052459102,0.8121430462899675,0.3242042831395,0.36117076314644736,0.42800941448268925,0.0668386513362419,0.4709950728412373,1.0016777433026978,0.7554331144407658,0.7341960886336484,0.46839217726729676,289633,3994,0,289633,0.0,0.013602291342417422,71972240.71601605,0.02079288905743084,37427.20030337552,248.4946146192459,110.89540830629784,516.3775243058045,0.6245229030230619,0.4717852816702907,0.7354975364206167,0.020820456726065768,-0.0989003624713455,0.5069927590632902,0.1498660436757424,0.03648040521751639,1.836173597352584e-05,1.4909142205350959e-05,11.764226836988133,0.0645769052459102,0.8121430462899677,0.3242042831394999,0.36117076314648766,0.4280094144826796,0.06683865133619193,0.4709950728412333,1.0016777433026858,0.7554331144407509,0.7341960886336483,0.46839217726729643
1989,300586,113568,187018,50,113518,0.0004402648633417864,0.6221780122826746,336005445.8634976,1.5714285714285714,625002.0,2958.627834103776,1040.8,8534.331979992949,0.6849621476812187,0.5254684297179391,0.7625572865096807,0.01586508457021638,-0.08322569043273866,0.5693846717212667,0.19931667516730733,0.059071972073720724,8.207064009313077e-05,7.326598795509853e-05,10.58314692642152,0.09080720509094387,1.0570101290247018,0.3967657398845703,0.4114038757437482,0.4714213398893521,0.06001746414560388,0.5251145730193614,1.0006738656985714,0.7671495884798761,0.756860805380457,0.5137216107609139,113568,187018,50,113518,0.0004402648633417864,0.6221780122826746,267211952.11510527,1.2496955074694418,497039.5764469012,2352.880671624976,827.7074172017606,6787.019485686348,0.6849621476812187,0.5254684297178702,0.7625572865096437,0.01586508457015528,-0.08322569043275357,0.569384671721138,0.1993166751671549,0.05907197207357784,8.20706400931308e-05,7.326598795509856e-05,10.583146926421524,0.09080720509094353,1.0570101290247023,0.3967657398845703,0.4114038757438468,0.4714213398892131,0.060017464145366295,0.5251145730192874,1.0006738656985812,0.7671495884797757,0.756860805380457,0.5137216107609139
1990,305794,115785,190009,196,115589,0.0016927926760806667,0.6213627474705193,9349337838.834618,21.571428571428573,25000004.0,80747.4011213423,31501.5,211427.28391755544,0.6608834465792262,0.5014083268909622,0.750603452394576,0.01132202121846417,-0.09207886617228914,0.5376052047598883,0.1769724778433005,0.04937926561079209,6.784858462758603e-05,5.9212398700209425e-05,10.710833965329238,0.0813634483280854,0.9486563367228251,0.36746760845150117,0.4065056218910692,0.44647688235639615,0.03997126046532695,0.5012069047891521,1.0004018741559333,0.7586940321871926,0.7478312924672098,0.4956625849344196,115785,190009,196,115589,0.0016927926760806667,0.6213627474705193,302869499.26201004,0.6988011217925097,809868.9793385471,2615.7921946885176,1020.4833428279948,6849.134849363698,0.6608834465792262,0.5014083268909204,0.7506034523945494,0.011322021218448232,-0.09207886617228714,0.5376052047598272,0.176972477843221,0.04937926561072625,6.784858462758605e-05,5.921239870020945e-05,10.71083396532924,0.08136344832808518,0.9486563367228253,0.36746760845150084,0.40650562189110434,0.4464768823563722,0.03997126046526783,0.5012069047890988,1.0004018741559564,0.7586940321871294,0.7478312924672098,0.4956625849344196
1992,76440,76440,0,1118,75322,0.014625850340136054,0.0,60395862182.38947,0.5,125500000.0,790108.087158418,415000.0,1583958.8649833836,0.5856840442536253,0.43431213350819176,0.7167079609202114,0.020203574850999415,-0.11102064092693202,0.465834696511192,0.1377168082301652,0.03669236220009875,6.56582627136737e-05,5.257679459220055e-05,10.533371867477072,0.06322243015278783,0.7108895308771394,0.2914072541940732,0.3458353765571368,0.4041147688931432,0.058279392336006375,0.43341592184042277,1.0020677866746643,0.7415468079921206,0.7196315165951095,0.439263033190219,76440,0,1118,75322,0.014625850340136054,0.0,24047113.417617787,0.0001990791467219882,49968.865827219044,314.5880876192803,165.23569177925023,630.6663585672418,0.5856840442536253,0.434312133508222,0.7167079609202228,0.020203574850992494,-0.11102064092694167,0.4658346965111888,0.13771680823016508,0.03669236220009875,6.565826271367369e-05,5.257679459220054e-05,10.533371867477069,0.06322243015278817,0.7108895308771392,0.2914072541940733,0.34583537655711283,0.40411476889310066,0.058279392335987834,0.43341592184044564,1.0020677866746812,0.7415468079921723,0.7196315165951095,0.439263033190219
1993,77843,77843,0,1025,76818,0.013167529514535668,0.0,1362241689.533658,0.14285714285714285,4017500.0,17499.86112474671,8666.666666666666,38989.91766117366,0.6097346922973306,0.45720440352020153,0.7279074113905831,0.02733777502866756,-0.10086423066792778,0.495802694773114,0.153344320297794,0.04076875686111048,7.661547024846771e-05,6.376991920237754e-05,10.470101113960975,0.07035309324745986,0.792348142752337,0.3151528232710299,0.3464917670085142,0.4306528310255551,0.08416106401704093,0.45581482278116625,1.0030485641747162,0.7498415446848983,0.728650509611499,0.45730101922299793,77843,0,1025,76818,0.013167529514535668,0.0,27396660.780572146,0.0028730648261680414,80797.76557391076,351.94764822234686,174.29926612086118,784.143927052543,0.6097346922973308,0.4572044035202052,0.7279074113905827,0.02733777502868523,-0.10086423066792026,0.4958026947731361,0.15334432029781464,0.040768756861130795,7.661547024846773e-05,6.376991920237755e-05,10.470101113960975,0.07035309324745986,0.792348142752337,0.3151528232710299,0.34649176700850426,0.43065283102559954,0.08416106401709528,0.45581482278116536,1.0030485641747262,0.749841544684904,0.728650509611499,0.4573010192229981
1995,83455,83455,0,1209,82246,0.014486849200167755,0.0,20962074.798190154,0.3333333333333333,23000.0,251.17817743922058,118.0,486.0617795082694,0.607814895393497,0.45758507259690545,0.728332646906708,0.023618375055198322,-0.10269608357284708,0.4907062090724891,0.14423860871935845,0.03259526648697231,5.685307383086414e-05,4.4871105957231126e-05,10.569422728449258,0.06729931924147359,0.762640114963259,0.3104229996308425,0.3456764785830939,0.41822926980335273,0.07255279122025882,0.4566652938134159,1.0020141201793744,0.7528362270567039,0.7279305857725613,0.45586117154512273,83455,0,1209,82246,0.014486849200167755,0.0,46594066.9001507,0.7409264484985298,51123.92494639856,558.3136648511257,262.2879627684796,1080.4080841258126,0.607814895393497,0.45758507259694053,0.7283326469067329,0.023618375055230137,-0.10269608357284606,0.49070620907255313,0.14423860871945648,0.03259526648706901,5.6853073830864144e-05,4.487110595723114e-05,10.569422728449258,0.06729931924147359,0.7626401149632591,0.3104229996308424,0.3456764785830691,0.41822926980342984,0.07255279122036074,0.4566652938134659,1.0020141201793415,0.7528362270567617,0.7279305857725613,0.45586117154512273
1996,82551,82551,0,1677,80874,0.02031471454010248,0.0,23423588.110675313,0.25,30000.0,283.7468729715608,132.0,541.8219154288261,0.6093421955329017,0.45792350414386795,0.7286773716283215,0.017350253538443484,-0.10478586874078834,0.48735094685968483,0.14019100697853226,0.03276350160533925,5.628331351794528e-05,4.417012494512296e-05,10.562399463658364,0.06702240092862921,0.7587720994869178,0.3132082033947847,0.35763896598698236,0.41111334869080174,0.05347438270381938,0.45735474325664294,1.001243588036663,0.7515046676578664,0.7285033233248381,0.4570066466496763,82551,0,1677,80874,0.02031471454010248,0.0,47249041.04162939,0.5042891039833434,60514.692478001205,572.3618253156156,266.2646469032053,1092.939553000566,0.6093421955329019,0.45792350414384586,0.7286773716283089,0.017350253538449958,-0.10478586874078032,0.4873509468596591,0.1401910069785126,0.03276350160531616,5.6283313517945285e-05,4.417012494512297e-05,10.562399463658366,0.06702240092862899,0.7587720994869182,0.3132082033947846,0.35763896598694866,0.4111133486907865,0.05347438270383781,0.45735474325661785,1.0012435880366697,0.7515046676578299,0.7285033233248382,0.45700664664967644
1997,87988,87988,0,1514,86474,0.017206891848888486,0.0,26120458.570674993,0.25,53820.0,296.8638742859821,138.33333333333334,602.6969891096128,0.6087982134452548,0.45678271765155215,0.7280504056763202,0.020337877672139456,-0.10382411372408257,0.4893153025853313,0.14488984506141334,0.03461111428118957,5.8209292667612934e-05,4.6844638903905436e-05,10.61681671850365,0.067469652133746,0.7681390020219666,0.31279618658539987,0.35434517794979165,0.41688103938019727,0.06253586143040563,0.45610081135264036,1.0014950780220924,0.7503023293491113,0.7282993300419706,0.45659866008394107,87988,0,1514,86474,0.017206891848888486,0.0,48043047.68839347,0.4598220161258061,98990.48363156353,546.0181807563927,254.43484892294606,1108.5333785813407,0.6087982134452548,0.4567827176515581,0.7280504056763256,0.020337877672157938,-0.1038241137240775,0.4893153025853655,0.14488984506144553,0.03461111428122332,5.820929266761292e-05,4.6844638903905415e-05,10.616816718503646,0.06746965213374634,0.7681390020219663,0.3127961865854,0.3543451779497786,0.41688103938024185,0.06253586143046325,0.45610081135265124,1.0014950780220815,0.7503023293491211,0.7282993300419706,0.45659866008394107
1998,88562,88562,0,1432,87130,0.01616946320092139,0.0,27662250.35384553,0.25,40500.0,312.3489798541759,144.66666666666666,625.4432112744173,0.6095628702929219,0.45837507471998135,0.7286678974691722,0.02375132135095635,-0.1021991814500876,0.49281773377313787,0.1454816096900644,0.03346572150945737,5.656494039327789e-05,4.527392702328877e-05,10.61994032045127,0.06772775004128029,0.7715178302354136,0.31295863726554585,0.3483598707797872,0.42158758270737473,0.07322771192758754,0.4573357949383443,1.002272465425054,0.7519734174420957,0.7285860763598457,0.4571721527196914,88562,0,1432,87130,0.01616946320092139,0.0,46454727.06073266,0.41983864713192665,68013.86083537212,524.5446925400586,242.94663047367487,1050.3409267171965,0.6095628702929214,0.45837507471995903,0.7286678974691543,0.023751321350941414,-0.10219918145008532,0.49281773377309623,0.14548160969001633,0.03346572150940741,5.656494039327789e-05,4.527392702328877e-05,10.61994032045127,0.06772775004128029,0.7715178302354133,0.31295863726554585,0.3483598707797993,0.4215875827073377,0.07322771192753841,0.45733579493830856,1.0022724654250836,0.7519734174420596,0.7285860763598455,0.4571721527196911
1999,91737,91737,0,1365,90372,0.014879492462147224,0.0,28658228.807231158,0.3333333333333333,28445.0,312.3955307807227,147.5,586.008998362155,0.6040101548852972,0.45402268731293294,0.726432063136244,0.02435570093837297,-0.10356605933798825,0.48779133716337075,0.14076024513024654,0.029930660984068602,4.925817266154215e-05,3.835786371164965e-05,10.67848408592312,0.0654780663104988,0.7481969805815124,0.3064049753601188,0.34326964583104574,0.41729571233675045,0.0740260665057047,0.45286412627248795,1.0025582972314038,0.7516805531177747,0.7265038080819864,0.4530076161639729,91737,0,1365,90372,0.014879492462147224,0.0,29175049.17005132,0.339344641828083,28957.975010399463,318.02924850443463,150.16000400892673,596.5770409717175,0.6040101548852974,0.4540226873128803,0.7264320631362278,0.0243557009383257,-0.10356605933799998,0.48779133716328027,0.14076024513016405,0.029930660983984114,4.925817266154215e-05,3.835786371164965e-05,10.67848408592312,0.0654780663104988,0.7481969805815126,0.3064049753601188,0.34326964583105596,0.4172957123366143,0.07402606650555832,0.45286412627245554,1.0025582972313594,0.7516805531176872,0.7265038080819866,0.45300761616397306
2001,101423,101423,0,1885,99538,0.018585527937450084,0.0,36594437.06897673,0.3333333333333333,40000.0,360.8100437669634,180.0,696.2172897722613,0.6045135448171306,0.4520930391602869,0.7255668078822333,0.02409084376178679,-0.10370795303729688,0.48855832554258294,0.1448667815667135,0.03185406826264725,4.657030959417123e-05,3.671097503470282e-05,10.769877237728585,0.06568702240550495,0.7571779311474527,0.30939258739506503,0.34857612485848677,0.42171428026711105,0.07313815540862428,0.45113361576446653,1.0021266945363727,0.747862546730939,0.726692579306424,0.45338515861284795,101423,0,1885,99538,0.018585527937450084,0.0,24936571.88229882,0.227143557687889,27257.226922546677,245.86703097225305,122.65752115146006,474.4238163680741,0.604513544817131,0.4520930391603373,0.7255668078822596,0.02409084376183496,-0.10370795303729029,0.4885583255426713,0.1448667815668232,0.03185406826275572,4.657030959417123e-05,3.671097503470282e-05,10.769877237728585,0.06568702240550495,0.7571779311474526,0.30939258739506514,0.3485761248584351,0.42171428026721003,0.07313815540877494,0.45113361576451916,1.0021266945363676,0.7478625467310217,0.7266925793064242,0.4533851586128483
2002,103914,103914,0,1415,102499,0.013617029466674365,0.0,40934897.36275856,0.2,38000.0,393.93053258231384,200.0,730.338382740047,0.5957395428733008,0.44543005185614093,0.7222218077771636,0.025581777447565797,-0.10563375702974016,0.48115579160571886,0.13711400319095035,0.029270232585369316,4.270069343651775e-05,3.307766937498008e-05,10.824422237705996,0.06292759127581038,0.7268966752511019,0.29835667801180976,0.33909273248216204,0.415058582032399,0.07596584955023694,0.4444436155543272,1.0022194858184281,0.7476926069197878,0.7234023285774878,0.4468046571549756,103914,0,1415,102499,0.013617029466674365,0.0,21966563.616951525,0.1073243859501458,20391.633330527704,211.39176258205367,107.3243859501458,391.9155923169905,0.5957395428733008,0.4454300518561271,0.7222218077771546,0.025581777447543575,-0.10563375702974445,0.48115579160568045,0.13711400319091915,0.029270232585336342,4.2700693436517755e-05,3.307766937498009e-05,10.824422237705996,0.06292759127581038,0.7268966752511019,0.29835667801180976,0.3390927324821875,0.41505858203235696,0.07596584955016944,0.4444436155543092,1.0022194858184374,0.7476926069197646,0.7234023285774878,0.4468046571549756
2003,105676,105676,0,1663,104013,0.015736780347477195,0.0,45407079.432603575,0.14285714285714285,38000.0,429.6820416424124,232.0,775.8540375791118,0.5883019899186346,0.4380738088309375,0.7184705153823872,0.02360597790923598,-0.10874108080522071,0.4716450338467574,0.134729659245442,0.028816189377293022,4.03150176035354e-05,3.085242299759836e-05,10.8625351193525,0.060994973313664436,0.7055979690138221,0.292266112585165,0.339825689764871,0.40848342573784135,0.06865773597297037,0.4369410307647743,1.002592519325046,0.7446410454799337,0.720613246219488,0.44122649243897594,105676,0,1663,104013,0.015736780347477195,0.0,27213934.623492494,0.08561891658290027,22774.631811051477,257.522376163864,139.04512053063007,464.99447486794656,0.5883019899186346,0.43807380883089014,0.7184705153823643,0.02360597790923936,-0.10874108080520663,0.4716450338467121,0.1347296592454046,0.02881618937726116,4.0315017603535386e-05,3.085242299759835e-05,10.862535119352499,0.06099497331366466,0.7055979690138219,0.2922661125851651,0.3398256897648403,0.4084834257378171,0.06865773597297681,0.43694103076472857,1.0025925193250427,0.7446410454798532,0.720613246219488,0.44122649243897594
2004,110351,110351,0,1337,109014,0.012115884767695807,0.0,52479572.0,1.0,61250.0,475.56951908002645,260.0,891.0074390093745,0.5835216952670244,0.43393637954242475,0.716372591667863,0.027845668166547984,-0.10845748396393946,0.4696282393461594,0.13681119579252665,0.031224454345778696,4.087131627152582e-05,3.1809611435243724e-05,10.908974384956768,0.06049621834434038,0.7024470887622687,0.28717475402150494,0.3310513811977389,0.41102145431137027,0.07997007311363136,0.4327451833357261,1.0027526504108413,0.7436508069230432,0.7188206357251341,0.43764127145026827,110351,0,1337,109014,0.012115884767695807,0.0,31010177.431142207,0.5908999682989451,36192.62305831039,281.0140137483322,153.63399175772574,526.4962674647636,0.5835216952670241,0.4339363795424506,0.7163725916678823,0.02784566816654123,-0.10845748396395356,0.469628239346192,0.13681119579259082,0.031224454345841868,4.087131627152582e-05,3.1809611435243724e-05,10.908974384956768,0.06049621834434038,0.7024470887622687,0.28717475402150505,0.3310513811977443,0.4110214543113595,0.0799700731136152,0.4327451833357645,1.002752650410812,0.7436508069230878,0.7188206357251341,0.4376412714502681
2005,114576,114576,0,1253,113323,0.010935972629521017,0.0,60510974.0,1.0,64533.0,528.1295733836056,295.0,969.5543630883552,0.5795971476217232,0.43066132700450527,0.7146009035919015,0.029485651165494793,-0.1089727220854674,0.4673872874695423,0.1355838000558377,0.03010761320748201,3.814263193228646e-05,2.94150573534685e-05,10.957185243569786,0.059387824838785463,0.6918083936769366,0.2830203030959617,0.32681505292510193,0.41061057439077037,0.08379552146566843,0.4292018071838031,1.0034005444438336,0.7430356218481227,0.7173489303581462,0.4346978607162924,114576,0,1253,113323,0.010935972629521017,0.0,43015197.17652883,0.7108660517764732,45874.318919291145,375.4293846575969,209.70548527405958,689.2232820712723,0.5795971476217232,0.43066132700451176,0.714600903591925,0.02948565116548371,-0.10897272208548632,0.4673872874695316,0.13558380005586212,0.03010761320750388,3.8142631932286455e-05,2.9415057353468494e-05,10.957185243569784,0.059387824838785574,0.6918083936769363,0.2830203030959617,0.32681505292508,0.4106105743907211,0.08379552146564107,0.4292018071838499,1.003400544443739,0.7430356218481339,0.7173489303581462,0.4346978607162924
2006,116333,116333,0,1106,115227,0.009507190565015946,0.0,68291514.0,1.0,79400.0,587.0347536812426,330.0,1058.1537565041779,0.5710157172381345,0.4232798804173666,0.7107741295825029,0.03168986399372872,-0.11066185180941368,0.4606905771630718,0.132626588129237,0.02972907329305985,3.652552010223245e-05,2.7929747017613443e-05,10.99336035605665,0.05751367416954767,0.6708516911261867,0.27479622883633503,0.31952454454769497,0.40754825852394666,0.0880237139762517,0.4215482591650057,1.0041077651602472,0.7412753583468235,0.7141308939643004,0.42826178792860087,116333,0,1106,115227,0.009507190565015946,0.0,50346884.9211878,0.7372348623166826,58536.44806794459,432.7824858052986,243.28750456450527,780.1078389862381,0.5710157172381345,0.42327988041732006,0.7107741295824813,0.031689863993692426,-0.11066185180941475,0.46069057716300543,0.13262658812917305,0.029729073292995234,3.652552010223245e-05,2.7929747017613443e-05,10.99336035605665,0.05751367416954767,0.6708516911261865,0.2747962288363349,0.31952454454772616,0.40754825852387316,0.088023713976147,0.42154825916496264,1.0041077651602395,0.7412753583467421,0.7141308939643004,0.42826178792860087
2007,115112,115112,0,1891,113221,0.01642747932448398,0.0,72316912.0,1.0,60000.0,628.2308708040864,365.0,1120.6388194434421,0.5668787248531242,0.4180726566380842,0.7082489914939346,0.029723107957648376,-0.11284430496686854,0.45521412750588675,0.13219162344763857,0.030446748058048034,3.6329124333393296e-05,2.764217286154728e-05,10.991339231267528,0.05683378158185115,0.6623216151757265,0.27383864937726576,0.32311334467617486,0.4046562246885577,0.08154288001238286,0.4164979829878692,1.0037807473614124,0.7374992891934778,0.7125795218199216,0.42515904363984314,115112,0,1891,113221,0.01642747932448398,0.0,59189825.55043265,0.8184783325708467,49108.6999542508,514.1933556052596,298.744591388359,917.2185923522308,0.566878724853124,0.41807265663797877,0.7082489914938854,0.029723107957577058,-0.11284430496686525,0.45521412750575807,0.1321916234475088,0.030446748057924578,3.6329124333393296e-05,2.764217286154728e-05,10.991339231267528,0.05683378158185115,0.6623216151757265,0.27383864937726554,0.3231133446762494,0.4046562246884285,0.08154288001217908,0.41649798298777085,1.0037807473613964,0.7374992891932922,0.7125795218199215,0.42515904363984297
2008,114821,114821,0,1576,113245,0.013725712195504306,0.0,81283557.0,2.0,85000.0,707.9154248787243,415.0,1259.5252391026913,0.5598349140986814,0.4124621131796969,0.7053452328368958,0.03274680754445052,-0.11369464718818258,0.45055356152782533,0.1308253296543116,0.03095530920232714,3.62785178886422e-05,2.756954975171387e-05,11.003430656743184,0.05559109154259656,0.647699016224617,0.26671826503877727,0.3147032259900346,0.40291239685128205,0.08820917086124747,0.4106904656737915,1.0043138267234881,0.7367566809293226,0.7099380927870055,0.419876185574011,114821,0,1576,113245,0.013725712195504306,0.0,66911363.53223796,1.6463689828986683,69970.6817731934,582.744999017932,341.62156395147366,1036.82164341835,0.5598349140986811,0.4124621131797502,0.7053452328369226,0.032746807544497186,-0.11369464718818216,0.45055356152794324,0.13082532965445304,0.030955309202468917,3.62785178886422e-05,2.756954975171387e-05,11.00343065674318,0.05559109154259678,0.6476990162246168,0.2667182650387775,0.31470322599007855,0.40291239685145636,0.0882091708613778,0.41069046567384526,1.0043138267234863,0.736756680929418,0.7099380927870054,0.41987618557401085
2009,117827,117827,0,1625,116202,0.013791406044455006,0.0,89652279.0,1.0,94669.0,760.8806046152409,451.0,1355.6017941113585,0.5559048100990263,0.4087625735559402,0.7034998610165563,0.03202153267775329,-0.11521074499020002,0.44627592902574165,0.128966738257708,0.030512163555820204,3.5426097631395524e-05,2.6939307161530054e-05,11.039339506204888,0.054606038288585235,0.6376332197693134,0.26334586841225893,0.31426612650797664,0.39960632129377816,0.08534019478580152,0.4069997220331125,1.0043313334810686,0.7353103735208284,0.7084643037871349,0.4169286075742697,117827,0,1625,116202,0.013791406044455006,0.0,74000862.10064359,0.8254208696763147,78141.76831138703,628.0467303813523,372.2648122240179,1118.9420118301696,0.5559048100990267,0.40876257355600343,0.7034998610165881,0.03202153267783461,-0.11521074499018888,0.4462759290258308,0.12896673825783422,0.03051216355595321,3.5426097631395524e-05,2.6939307161530054e-05,11.039339506204888,0.054606038288585235,0.637633219769313,0.26334586841225927,0.31426612650788704,0.39960632129391066,0.08534019478602362,0.40699972203317625,1.0043313334810668,0.7353103735209416,0.708464303787135,0.41692860757427
2011,106448,106448,0,1713,104735,0.016092364346911168,0.0,95737573.0,1.0,100000.0,899.3834830151811,545.0,1496.04557534613,0.5427476870178243,0.3967568084342077,0.6974423209411358,0.03301318351607801,-0.11886751074006494,0.43520005463267786,0.12352570291289922,0.026874652441837177,3.538736836157221e-05,2.5993354320484733e-05,10.972345138014974,0.05209894473866894,0.6030667439666958,0.25265477689954596,0.30790293107067757,0.3928148998288622,0.08491196875818463,0.39488464188227157,1.004741046759915,0.7310151990038382,0.7035303826316841,0.4070607652633682,106448,0,1713,104735,0.016092364346911168,0.0,78291233.40669695,0.8177691469857601,81776.91469857602,735.4880637184066,445.6841851072393,1223.4199140026253,0.5427476870178243,0.39675680843412164,0.6974423209410953,0.033013183516066476,-0.11886751074003776,0.43520005463261935,0.12352570291283504,0.02687465244177467,3.538736836157221e-05,2.5993354320484733e-05,10.972345138014973,0.05209894473866905,0.6030667439666957,0.2526547768995461,0.3079029310706856,0.39281489982883416,0.08491196875814855,0.3948846418821905,1.0047410467599032,0.7310151990036796,0.7035303826316841,0.4070607652633682
2012,110502,110502,0,1758,108744,0.015909214312863115,0.0,112078559.0,1.0,100000.0,1014.2672440317822,622.0,1686.304411026255,0.5352162393011684,0.3905414777098181,0.6944853224238045,0.0332909019974804,-0.12099631902878208,0.4277358705156087,0.12230575698247503,0.028630409140074198,3.406418234906548e-05,2.5014798761426896e-05,11.02495307625814,0.05061969421486323,0.5878358230655223,0.2461466094553182,0.3026451868416639,0.3866220587364481,0.0839768718947842,0.3889706448476089,1.00403843550411,0.729689140635471,0.7007060897379381,0.40141217947587626,110502,0,1758,108744,0.015909214312863115,0.0,77565086.60459332,0.6920599916402684,69205.99916402684,701.9337804256332,430.46131480024695,1167.0238165977778,0.5352162393011684,0.3905414777097942,0.6944853224237815,0.033290901997479604,-0.12099631902876375,0.427735870515602,0.12230575698247048,0.028630409140074198,3.4064182349065485e-05,2.5014798761426903e-05,11.02495307625814,0.05061969421486323,0.5878358230655223,0.2461466094553184,0.302645186841696,0.38662205873647465,0.08397687189477865,0.38897064484756294,1.0040384355041674,0.7296891406354262,0.7007060897379381,0.40141217947587626
2013,111029,111029,0,2165,108864,0.019499410064037322,0.0,123192489.0,1.0,82000.0,1109.5523601941834,678.0,1800.6698609186542,0.5363271946845505,0.3911144388702213,0.6945425916919177,0.031820920739124625,-0.12136405657460768,0.4286350079346152,0.1195639416782951,0.02698392756720769,3.272761520337613e-05,2.372117293309479e-05,11.031233943168782,0.050467863743473895,0.586312764264169,0.24821134856882288,0.30679621704751636,0.38724009797762027,0.0804438809301039,0.38908518338383535,1.0052154529985895,0.7292459579646369,0.7011226980067065,0.40224539601341286,111029,0,2165,108864,0.019499410064037322,0.0,75329884.72887544,0.6114811490567047,50141.45422264978,678.470352150118,414.5842190604458,1101.0756756263154,0.5363271946845503,0.39111443887021025,0.6945425916919185,0.03182092073915151,-0.12136405657459645,0.42863500793463627,0.11956394167830031,0.02698392756721968,3.272761520337614e-05,2.3721172933094797e-05,11.031233943168784,0.05046786374347367,0.5863127642641691,0.2482113485688232,0.30679621704743765,0.3872400979776096,0.08044388093017196,0.3890851833838369,1.005215452998557,0.7292459579646166,0.7011226980067063,0.4022453960134127
2014,115020,115020,0,782,114238,0.006798817596939663,0.0,140637306.0,1.0,100000.0,1222.7204486176317,724.0,1920.9940243225,0.5248901286181216,0.3832161605192455,0.6906854668951715,0.03778716513679985,-0.12212861310224817,0.4215550459989613,0.11668616576031399,0.02504620644539446,3.015368655646061e-05,2.145973298084751e-05,11.093401638659877,0.04801049733209828,0.5594596666078667,0.2334357546894219,0.2894720868444657,0.38231143300666304,0.09283934616219736,0.38137093379034304,1.0048384042028669,0.7300883358735262,0.6968337982317956,0.3936675964635912,115020,0,782,114238,0.006798817596939663,0.0,82310672.45187323,0.5852691209249503,58526.912092495026,715.6205220994021,423.734843549664,1124.2984839173123,0.5248901286181213,0.3832161605192429,0.6906854668951767,0.03778716513679626,-0.1221286131022536,0.421555045998971,0.11668616576031476,0.025046206445383024,3.0153686556460616e-05,2.1459732980847512e-05,11.09340163865988,0.048010497332097946,0.5594596666078667,0.23343575468942201,0.28947208684442255,0.3823114330066119,0.09283934616218936,0.3813709337903535,1.0048384042028327,0.7300883358735215,0.6968337982317955,0.393667596463591
2015,115625,115625,0,685,114940,0.005924324324324324,0.0,144387864.0,5.0,107000.0,1248.759904864865,788.0,1907.7045301829041,0.5229362857855879,0.3812025384546843,0.689616593353481,0.037139096139403444,-0.12304322824422732,0.419248178641939,0.1152201025703935,0.023429434484882106,2.8832722579913053e-05,2.01842484977379e-05,11.105511764000198,0.04740012150413886,0.5525957108145282,0.23176062285954957,0.29031605544293465,0.38105086033441815,0.0907348048914835,0.37923318670696204,1.0051929836753555,0.7289655524324876,0.6961011071695955,0.39220221433919095,115625,0,685,114940,0.005924324324324324,0.0,50461039.50077286,1.7474127708119866,37394.633295376516,436.4198010877653,275.3922526799691,666.7094517954977,0.5229362857855882,0.38120253845466295,0.6896165933534835,0.03713909613941729,-0.12304322824422247,0.41924817864194674,0.11522010257033621,0.023429434484834255,2.8832722579913053e-05,2.01842484977379e-05,11.105511764000198,0.04740012150413886,0.5525957108145283,0.23176062285954968,0.2903160554428544,0.38105086033437213,0.09073480489151775,0.37923318670696693,1.0051929836752862,0.7289655524324464,0.6961011071695955,0.3922022143391911
2016,229781,229781,0,0,229781,0.0,0.0,403070411.0,6.0,33000.0,1754.1503039850988,1100.0,2277.7295117881936,0.47982986009352535,0.3495668026736747,0.6727809884659521,0.0500552911448278,-0.13042161492367457,0.38754393708150414,0.09991594992072006,0.016261161378079314,1.1689580957773873e-05,7.337642971791446e-06,11.88501276911683,0.03725180951471063,0.45986919126991377,0.1970429961982718,0.2504008571914793,0.35950092578784465,0.10910006859636534,0.34556197693190427,1.011589312508649,0.7285224029316129,0.679936197535072,0.359872395070144,229781,0,0,229781,0.0,0.0,166411133.04162723,2.4771523063988026,13624.337685193414,724.2162452144747,454.1445895064471,940.3804855797903,0.47982986009352535,0.34956680267343315,0.6727809884659091,0.050055291144615266,-0.1304216149237225,0.38754393708121915,0.09991594992068509,0.01626116137802791,1.168958095777387e-05,7.337642971791442e-06,11.88501276911683,0.03725180951471063,0.45986919126991355,0.1970429961982718,0.25040085719182986,0.3595009257877246,0.10910006859589472,0.3455619769318181,1.0115893125082023,0.7285224029311095,0.679936197535072,0.359872395070144
2017,228485,228485,0,0,228485,0.0,0.0,424929600.0,5.0,44000.0,1859.7702256165612,1200.0,2517.9690706563583,0.48790585792163244,0.35479412610546024,0.6759455846992102,0.048489845422260903,-0.12866487679624058,0.3942162089908541,0.10504771613933195,0.018363241816997222,1.2399392867021663e-05,8.022773057288233e-06,11.859042211010355,0.038915215330311836,0.48018363063705627,0.20435225783467803,0.2564704905359757,0.36447879620059587,0.10800830566462016,0.35189116939842036,1.0082495866889831,0.7271774264338662,0.6829646967206122,0.3659293934412243,228485,0,0,228485,0.0,0.0,178352026.92788,2.098606768366807,18467.739561627903,780.5852766171959,503.66562440803364,1056.8453868435424,0.48790585792163244,0.35479412610529376,0.6759455846991462,0.048489845422064914,-0.1286648767962622,0.39421620899071297,0.10504771613929309,0.018363241816918507,1.2399392867021663e-05,8.022773057288233e-06,11.859042211010355,0.038915215330311836,0.48018363063705616,0.20435225783467792,0.25647049053640236,0.3644787962005749,0.10800830566417252,0.35189116939829246,1.0082495866888763,0.727177426433525,0.6829646967206122,0.3659293934412243
2018,227235,227235,0,0,227235,0.0,0.0,445460918.0,5.0,70000.0,1960.353457874007,1200.0,2800.865482175397,0.4987194137250648,0.36233941891801624,0.680189038970304,0.04734494357561372,-0.12589665226967384,0.4027681952561324,0.110714989816458,0.020929355692658302,1.3384086316567035e-05,8.983395328802514e-06,11.826811506719334,0.041100955298813524,0.5069284965411999,0.21358515867781347,0.26370727208655054,0.37225154256793863,0.1085442704813881,0.36037807794060805,1.0054424536270805,0.7265396311958443,0.6870197801468994,0.3740395602937986,227235,0,0,227235,0.0,0.0,139136378.5795577,1.5617125201941697,21863.975282718377,612.3017078335542,374.8110048466007,874.8293381785995,0.49871941372506523,0.3623394189175321,0.6801890389700744,0.04734494357507152,-0.12589665226965482,0.40276819525540886,0.1107149898154065,0.0209293556916772,1.3384086316567035e-05,8.983395328802514e-06,11.826811506719334,0.041100955298813524,0.5069284965411995,0.21358515867781358,0.2637072720866856,0.37225154256678944,0.10854427048010384,0.36037807794014887,1.0054424536270181,0.7265396311948727,0.6870197801468995,0.3740395602937989
2019,225215,225215,0,0,225215,0.0,0.0,461019185.0,4.0,110000.0,2047.0181160224674,1200.0,3063.709766528092,0.5028341835460923,0.3648999116120952,0.6812947774605279,0.04767825478895984,-0.12460785108344563,0.40667183948104013,0.11454748027460049,0.02372456365346276,1.438629717629446e-05,9.946139754007996e-06,11.802432363777712,0.04238429506266794,0.5223784167118188,0.21802367393972666,0.26774096688843074,0.3781541433541301,0.11041317646569937,0.3625895549210558,1.0063718236217323,0.7256863665050461,0.6885628188297847,0.37712563765956925,225215,0,0,225215,0.0,0.0,141438666.85556757,1.2271824814020922,33747.51823855754,628.0161927738719,368.1547444206277,939.9327383959422,0.5028341835460919,0.3648999116117231,0.6812947774604956,0.047678254788403235,-0.12460785108364694,0.40667183948038677,0.11454748027421813,0.023724563653116593,1.4386297176294458e-05,9.946139754007994e-06,11.802432363777712,0.04238429506266794,0.522378416711819,0.21802367393972666,0.2677409668887644,0.37815414335316877,0.11041317646440435,0.3625895549209912,1.0063718236208854,0.7256863665043067,0.6885628188297844,0.3771256376595689
2020,132773,132773,0,0,132773,0.0,0.0,292246579.0,10.0,33000.0,2201.099462993229,1400.0,2846.944757628918,0.48931027330835963,0.35875424940910816,0.6769296172368044,0.0486168369001653,-0.12809569625755302,0.39472333395560455,0.0968725728009292,0.013812616776601616,2.013151135479087e-05,1.2599954486711415e-05,11.324881445453995,0.039971083487513215,0.4715147366465219,0.20241524513474818,0.25529128735354434,0.36406660780551997,0.10877532045197563,0.3538592344736089,1.0138332264884395,0.7331835626165648,0.6834913524906349,0.3669827049812697,132773,0,0,132773,0.0,0.0,67499544.81786397,2.30967784289663,7621.936881558879,508.3830659687133,323.3548980055282,657.5525226646229,0.48931027330835963,0.35875424940928946,0.6769296172368746,0.048616836900360644,-0.12809569625754702,0.39472333395584025,0.09687257280111827,0.013812616776790687,2.0131511354790855e-05,1.2599954486711402e-05,11.324881445453993,0.03997108348751344,0.4715147366465214,0.20241524513474796,0.2552912873533806,0.36406660780580563,0.10877532045242505,0.35385923447374923,1.01383322648855,0.7331835626169354,0.6834913524906349,0.3669827049812697
2021,172350,172350,0,0,172350,0.0,0.0,367709085.0,2.0,33000.0,2133.502088772846,1400.0,2687.2486020594847,0.47858992118967913,0.3478012729715778,0.672180518304311,0.04603519247813906,-0.13260389481884782,0.384291946444565,0.09497586658757695,0.014190865042130074,1.500697609032551e-05,9.204882704092286e-06,11.606409163424608,0.037394280662335855,0.45087340852040453,0.19477916397777417,0.25458347040996065,0.3545680054145183,0.09998453500455762,0.34436103660862205,1.00999020213447,0.7267208471649658,0.6794712204461297,0.35894244089225935,172350,0,0,172350,0.0,0.0,82444278.21773538,0.4484212198223787,7398.950127069249,478.3538045705563,313.8948538756651,602.5096480507481,0.4785899211896789,0.3478012729719165,0.6721805183044606,0.04603519247879784,-0.13260389481875584,0.38429194644546094,0.0949758665883671,0.014190865042922662,1.5006976090325506e-05,9.204882704092285e-06,11.606409163424605,0.03739428066233619,0.45087340852040453,0.1947791639777745,0.25458347040983026,0.354568005415842,0.09998453500601173,0.34436103660892114,1.0099902021345764,0.7267208471656738,0.6794712204461296,0.3589424408922592
2022,205272,205272,0,0,205272,0.0,0.0,509438332.0,4.0,65000.0,2481.772146225496,1500.0,3432.996084417629,0.49170241581764795,0.3591287739451969,0.6782578754342705,0.052658361415087715,-0.12553379190570993,0.3975769907318242,0.10674971745157202,0.019479914204807103,1.4193196002559387e-05,9.321656394899281e-06,11.741714616218566,0.04008935049407614,0.49037659171016085,0.20672369084503095,0.25041781928708456,0.3690675925230225,0.11864977323593795,0.35651575086854104,1.0073293341746894,0.7303782987277062,0.684388405931618,0.36877681186323596,205272,0,0,205272,0.0,0.0,106433629.20655558,0.8356939203118746,13580.026205067963,518.5004735499999,313.385220116953,717.2334890505709,0.4917024158176484,0.3591287739448775,0.6782578754340766,0.052658361414419756,-0.12553379190577627,0.39757699073101394,0.10674971745034756,0.01947991420359374,1.4193196002559389e-05,9.321656394899285e-06,11.741714616218566,0.04008935049407614,0.4903765917101608,0.20672369084503106,0.25041781928741447,0.3690675925218099,0.1186497732343954,0.3565157508681531,1.0073293341748897,0.7303782987270561,0.6843884059316181,0.3687768118632363
2023,201821,201821,0,0,201821,0.0,0.0,547223808.0,8.0,83000.0,2711.4314565877685,1600.0,3739.2201255667655,0.49025243398858787,0.3578439328586896,0.6773092629882665,0.05250264404724056,-0.12610591598537613,0.3972099638618063,0.10505878245706746,0.019824588845374636,1.4378039990162034e-05,9.423200915937427e-06,11.727712217846616,0.03990329778696744,0.48742422706994437,0.2058113058115396,0.2514038303989266,0.3691718629076197,0.11776803250869311,0.3546185259765331,1.0090954269049381,0.7299177077966726,0.6838446627457204,0.3676893254914409,201821,0,0,201821,0.0,0.0,116962462.73476963,1.709903129576842,17740.244969359737,579.5356416565651,341.9806259153684,799.2130243604156,0.49025243398858787,0.3578439328587781,0.6773092629883002,0.05250264404711652,-0.12610591598547052,0.3972099638618126,0.10505878245695077,0.01982458884521976,1.4378039990162034e-05,9.423200915937427e-06,11.727712217846616,0.03990329778696744,0.4874242270699446,0.2058113058115394,0.25140383039913977,0.3691718629075611,0.11776803250842133,0.3546185259766004,1.0090954269049963,0.729917707796853,0.6838446627457204,0.3676893254914409
2024,208266,208266,0,0,208266,0.0,0.0,614544375.0,8.0,90000.0,2950.766687793495,1800.0,4112.672350864595,0.49140334798190977,0.3573193519603236,0.6776843471501828,0.05197776326645764,-0.126000496834197,0.39910898053537625,0.10673281648701094,0.019960483732359036,1.4128896368295325e-05,9.32738929267709e-06,11.755282284834284,0.04011646096023136,0.4912891029757683,0.20675239387938493,0.25292652224200163,0.36986214859166355,0.11693562634966193,0.35536869430036555,1.005489109455177,0.7271406542665186,0.6842762554932161,0.3685525109864323,208266,0,0,208266,0.0,0.0,114248488.5869106,1.4872610439161287,16731.68674405645,548.5700430550863,334.633734881129,764.5771717289846,0.49140334798190977,0.3573193519601793,0.6776843471501129,0.05197776326671252,-0.12600049683400935,0.39910898053529564,0.1067328164869219,0.019960483732286538,1.4128896368295326e-05,9.327389292677091e-06,11.755282284834284,0.04011646096023136,0.4912891029757683,0.20675239387938493,0.25292652224176504,0.36986214859198707,0.11693562635022203,0.3553686943002259,1.0054891094551661,0.727140654266225,0.6842762554932161,0.3685525109864323
2025,215331,215331,0,0,215331,0.0,0.0,693433650.0,10.0,72000.0,3220.3150034133496,2000.0,4283.688146684514,0.4870224093224147,0.35551738003125205,0.6755892000506336,0.05021713866611261,-0.128171321746076,0.394537077916539,0.10134419926116933,0.017435684005239538,1.2861337116567891e-05,8.217362107684393e-06,11.80529785966849,0.03865117589169076,0.4746337984561165,0.20220180355481687,0.25411309448079944,0.3657024851021739,0.11158939062137446,0.3511784001012672,1.0123554863531858,0.7299815639405112,0.6826334034959055,0.365266806991811,215331,0,0,215331,0.0,0.0,129193585.34858592,1.8630994522487612,13414.316056191079,599.976711892788,372.61989044975223,798.0937039692429,0.4870224093224147,0.3555173800306903,0.675589200050479,0.05021713866514371,-0.12817132174630416,0.3945370779154844,0.10134419926013305,0.017435684004195262,1.2861337116567891e-05,8.217362107684393e-06,11.80529785966849,0.03865117589169076,0.4746337984561162,0.20220180355481676,0.2541130944811753,0.36570248510036907,0.11158939061919376,0.3511784001009579,1.0123554863524777,0.7299815639393576,0.6826334034959055,0.365266806991811
